image_id,class
Mild_0.jpg,Mild
Mild_1.jpg,Mild
Mild_2.jpg,Mild
Mild_3.jpg,Mild
Mild_4.jpg,Mild
Mild_5.jpg,Mild
Mild_6.jpg,Mild
Mild_7.jpg,Mild
Mild_8.jpg,Mild
Mild_9.jpg,Mild
Mild_10.jpg,Mild
Mild_11.jpg,Mild
Mild_12.jpg,Mild
Mild_13.jpg,Mild
Mild_14.jpg,Mild
Mild_15.jpg,Mild
Mild_16.jpg,Mild
Mild_17.jpg,Mild
Mild_18.jpg,Mild
Mild_19.jpg,Mild
Mild_20.jpg,Mild
Mild_21.jpg,Mild
Mild_22.jpg,Mild
Mild_23.jpg,Mild
Mild_24.jpg,Mild
Mild_25.jpg,Mild
Mild_26.jpg,Mild
Mild_27.jpg,Mild
Mild_28.jpg,Mild
Mild_29.jpg,Mild
Mild_30.jpg,Mild
Mild_31.jpg,Mild
Mild_32.jpg,Mild
Mild_33.jpg,Mild
Mild_34.jpg,Mild
Mild_35.jpg,Mild
Mild_36.jpg,Mild
Mild_37.jpg,Mild
Mild_38.jpg,Mild
Mild_39.jpg,Mild
Mild_40.jpg,Mild
Mild_41.jpg,Mild
Mild_42.jpg,Mild
Mild_43.jpg,Mild
Mild_44.jpg,Mild
Mild_45.jpg,Mild
Mild_46.jpg,Mild
Mild_47.jpg,Mild
Mild_48.jpg,Mild
Mild_49.jpg,Mild
Mild_50.jpg,Mild
Mild_51.jpg,Mild
Mild_52.jpg,Mild
Mild_53.jpg,Mild
Mild_54.jpg,Mild
Mild_55.jpg,Mild
Mild_56.jpg,Mild
Mild_57.jpg,Mild
Mild_58.jpg,Mild
Mild_59.jpg,Mild
Mild_60.jpg,Mild
Mild_61.jpg,Mild
Mild_62.jpg,Mild
Mild_63.jpg,Mild
Mild_64.jpg,Mild
Mild_65.jpg,Mild
Mild_66.jpg,Mild
Mild_67.jpg,Mild
Mild_68.jpg,Mild
Mild_69.jpg,Mild
Mild_70.jpg,Mild
Mild_71.jpg,Mild
Mild_72.jpg,Mild
Mild_73.jpg,Mild
Mild_74.jpg,Mild
Mild_75.jpg,Mild
Mild_76.jpg,Mild
Mild_77.jpg,Mild
Mild_78.jpg,Mild
Mild_79.jpg,Mild
Mild_80.jpg,Mild
Mild_81.jpg,Mild
Mild_82.jpg,Mild
Mild_83.jpg,Mild
Mild_84.jpg,Mild
Mild_85.jpg,Mild
Mild_86.jpg,Mild
Mild_87.jpg,Mild
Mild_88.jpg,Mild
Mild_89.jpg,Mild
Mild_90.jpg,Mild
Mild_91.jpg,Mild
Mild_92.jpg,Mild
Mild_93.jpg,Mild
Mild_94.jpg,Mild
Mild_95.jpg,Mild
Mild_96.jpg,Mild
Mild_97.jpg,Mild
Mild_98.jpg,Mild
Mild_99.jpg,Mild
Mild_100.jpg,Mild
Mild_101.jpg,Mild
Mild_102.jpg,Mild
Mild_103.jpg,Mild
Mild_104.jpg,Mild
Mild_105.jpg,Mild
Mild_106.jpg,Mild
Mild_107.jpg,Mild
Mild_108.jpg,Mild
Mild_109.jpg,Mild
Mild_110.jpg,Mild
Mild_111.jpg,Mild
Mild_112.jpg,Mild
Mild_113.jpg,Mild
Mild_114.jpg,Mild
Mild_115.jpg,Mild
Mild_116.jpg,Mild
Mild_117.jpg,Mild
Mild_118.jpg,Mild
Mild_119.jpg,Mild
Mild_120.jpg,Mild
Mild_121.jpg,Mild
Mild_122.jpg,Mild
Mild_123.jpg,Mild
Mild_124.jpg,Mild
Mild_125.jpg,Mild
Mild_126.jpg,Mild
Mild_127.jpg,Mild
Mild_128.jpg,Mild
Mild_129.jpg,Mild
Mild_130.jpg,Mild
Mild_131.jpg,Mild
Mild_132.jpg,Mild
Mild_133.jpg,Mild
Mild_134.jpg,Mild
Mild_135.jpg,Mild
Mild_136.jpg,Mild
Mild_137.jpg,Mild
Mild_138.jpg,Mild
Mild_139.jpg,Mild
Mild_140.jpg,Mild
Mild_141.jpg,Mild
Mild_142.jpg,Mild
Mild_143.jpg,Mild
Mild_144.jpg,Mild
Mild_145.jpg,Mild
Mild_146.jpg,Mild
Mild_147.jpg,Mild
Mild_148.jpg,Mild
Mild_149.jpg,Mild
Mild_150.jpg,Mild
Mild_151.jpg,Mild
Mild_152.jpg,Mild
Mild_153.jpg,Mild
Mild_154.jpg,Mild
Mild_155.jpg,Mild
Mild_156.jpg,Mild
Mild_157.jpg,Mild
Mild_158.jpg,Mild
Mild_159.jpg,Mild
Mild_160.jpg,Mild
Mild_161.jpg,Mild
Mild_162.jpg,Mild
Mild_163.jpg,Mild
Mild_164.jpg,Mild
Mild_165.jpg,Mild
Mild_166.jpg,Mild
Mild_167.jpg,Mild
Mild_168.jpg,Mild
Mild_169.jpg,Mild
Mild_170.jpg,Mild
Mild_171.jpg,Mild
Mild_172.jpg,Mild
Mild_173.jpg,Mild
Mild_174.jpg,Mild
Mild_175.jpg,Mild
Mild_176.jpg,Mild
Mild_177.jpg,Mild
Mild_178.jpg,Mild
Mild_179.jpg,Mild
Mild_180.jpg,Mild
Mild_181.jpg,Mild
Mild_182.jpg,Mild
Mild_183.jpg,Mild
Mild_184.jpg,Mild
Mild_185.jpg,Mild
Mild_186.jpg,Mild
Mild_187.jpg,Mild
Mild_188.jpg,Mild
Mild_189.jpg,Mild
Mild_190.jpg,Mild
Mild_191.jpg,Mild
Mild_192.jpg,Mild
Mild_193.jpg,Mild
Mild_194.jpg,Mild
Mild_195.jpg,Mild
Mild_196.jpg,Mild
Mild_197.jpg,Mild
Mild_198.jpg,Mild
Mild_199.jpg,Mild
Mild_200.jpg,Mild
Mild_201.jpg,Mild
Mild_202.jpg,Mild
Mild_203.jpg,Mild
Mild_204.jpg,Mild
Mild_205.jpg,Mild
Mild_206.jpg,Mild
Mild_207.jpg,Mild
Mild_208.jpg,Mild
Mild_209.jpg,Mild
Mild_210.jpg,Mild
Mild_211.jpg,Mild
Mild_212.jpg,Mild
Mild_213.jpg,Mild
Mild_214.jpg,Mild
Mild_215.jpg,Mild
Mild_216.jpg,Mild
Mild_217.jpg,Mild
Mild_218.jpg,Mild
Mild_219.jpg,Mild
Mild_220.jpg,Mild
Mild_221.jpg,Mild
Mild_222.jpg,Mild
Mild_223.jpg,Mild
Mild_224.jpg,Mild
Mild_225.jpg,Mild
Mild_226.jpg,Mild
Mild_227.jpg,Mild
Mild_228.jpg,Mild
Mild_229.jpg,Mild
Mild_230.jpg,Mild
Mild_231.jpg,Mild
Mild_232.jpg,Mild
Mild_233.jpg,Mild
Mild_234.jpg,Mild
Mild_235.jpg,Mild
Mild_236.jpg,Mild
Mild_237.jpg,Mild
Mild_238.jpg,Mild
Mild_239.jpg,Mild
Mild_240.jpg,Mild
Mild_241.jpg,Mild
Mild_242.jpg,Mild
Mild_243.jpg,Mild
Mild_244.jpg,Mild
Mild_245.jpg,Mild
Mild_246.jpg,Mild
Mild_247.jpg,Mild
Mild_248.jpg,Mild
Mild_249.jpg,Mild
Mild_250.jpg,Mild
Mild_251.jpg,Mild
Mild_252.jpg,Mild
Mild_253.jpg,Mild
Mild_254.jpg,Mild
Mild_255.jpg,Mild
Mild_256.jpg,Mild
Mild_257.jpg,Mild
Mild_258.jpg,Mild
Mild_259.jpg,Mild
Mild_260.jpg,Mild
Mild_261.jpg,Mild
Mild_262.jpg,Mild
Mild_263.jpg,Mild
Mild_264.jpg,Mild
Mild_265.jpg,Mild
Mild_266.jpg,Mild
Mild_267.jpg,Mild
Mild_268.jpg,Mild
Mild_269.jpg,Mild
Mild_270.jpg,Mild
Mild_271.jpg,Mild
Mild_272.jpg,Mild
Mild_273.jpg,Mild
Mild_274.jpg,Mild
Mild_275.jpg,Mild
Mild_276.jpg,Mild
Mild_277.jpg,Mild
Mild_278.jpg,Mild
Mild_279.jpg,Mild
Mild_280.jpg,Mild
Mild_281.jpg,Mild
Mild_282.jpg,Mild
Mild_283.jpg,Mild
Mild_284.jpg,Mild
Mild_285.jpg,Mild
Mild_286.jpg,Mild
Mild_287.jpg,Mild
Mild_288.jpg,Mild
Mild_289.jpg,Mild
Mild_290.jpg,Mild
Mild_291.jpg,Mild
Mild_292.jpg,Mild
Mild_293.jpg,Mild
Mild_294.jpg,Mild
Mild_295.jpg,Mild
Mild_296.jpg,Mild
Mild_297.jpg,Mild
Mild_298.jpg,Mild
Mild_299.jpg,Mild
Mild_300.jpg,Mild
Mild_301.jpg,Mild
Mild_302.jpg,Mild
Mild_303.jpg,Mild
Mild_304.jpg,Mild
Mild_305.jpg,Mild
Mild_306.jpg,Mild
Mild_307.jpg,Mild
Mild_308.jpg,Mild
Mild_309.jpg,Mild
Mild_310.jpg,Mild
Mild_311.jpg,Mild
Mild_312.jpg,Mild
Mild_313.jpg,Mild
Mild_314.jpg,Mild
Mild_315.jpg,Mild
Mild_316.jpg,Mild
Mild_317.jpg,Mild
Mild_318.jpg,Mild
Mild_319.jpg,Mild
Mild_320.jpg,Mild
Mild_321.jpg,Mild
Mild_322.jpg,Mild
Mild_323.jpg,Mild
Mild_324.jpg,Mild
Mild_325.jpg,Mild
Mild_326.jpg,Mild
Mild_327.jpg,Mild
Mild_328.jpg,Mild
Mild_329.jpg,Mild
Mild_330.jpg,Mild
Mild_331.jpg,Mild
Mild_332.jpg,Mild
Mild_333.jpg,Mild
Mild_334.jpg,Mild
Mild_335.jpg,Mild
Mild_336.jpg,Mild
Mild_337.jpg,Mild
Mild_338.jpg,Mild
Mild_339.jpg,Mild
Mild_340.jpg,Mild
Mild_341.jpg,Mild
Mild_342.jpg,Mild
Mild_343.jpg,Mild
Mild_344.jpg,Mild
Mild_345.jpg,Mild
Mild_346.jpg,Mild
Mild_347.jpg,Mild
Mild_348.jpg,Mild
Mild_349.jpg,Mild
Mild_350.jpg,Mild
Mild_351.jpg,Mild
Mild_352.jpg,Mild
Mild_353.jpg,Mild
Mild_354.jpg,Mild
Mild_355.jpg,Mild
Mild_356.jpg,Mild
Mild_357.jpg,Mild
Mild_358.jpg,Mild
Mild_359.jpg,Mild
Mild_360.jpg,Mild
Mild_361.jpg,Mild
Mild_362.jpg,Mild
Mild_363.jpg,Mild
Mild_364.jpg,Mild
Mild_365.jpg,Mild
Mild_366.jpg,Mild
Mild_367.jpg,Mild
Mild_368.jpg,Mild
Mild_369.jpg,Mild
Moderate_0.jpg,Moderate
Moderate_1.jpg,Moderate
Moderate_2.jpg,Moderate
Moderate_3.jpg,Moderate
Moderate_4.jpg,Moderate
Moderate_5.jpg,Moderate
Moderate_6.jpg,Moderate
Moderate_7.jpg,Moderate
Moderate_8.jpg,Moderate
Moderate_9.jpg,Moderate
Moderate_10.jpg,Moderate
Moderate_11.jpg,Moderate
Moderate_12.jpg,Moderate
Moderate_13.jpg,Moderate
Moderate_14.jpg,Moderate
Moderate_15.jpg,Moderate
Moderate_16.jpg,Moderate
Moderate_17.jpg,Moderate
Moderate_18.jpg,Moderate
Moderate_19.jpg,Moderate
Moderate_20.jpg,Moderate
Moderate_21.jpg,Moderate
Moderate_22.jpg,Moderate
Moderate_23.jpg,Moderate
Moderate_24.jpg,Moderate
Moderate_25.jpg,Moderate
Moderate_26.jpg,Moderate
Moderate_27.jpg,Moderate
Moderate_28.jpg,Moderate
Moderate_29.jpg,Moderate
Moderate_30.jpg,Moderate
Moderate_31.jpg,Moderate
Moderate_32.jpg,Moderate
Moderate_33.jpg,Moderate
Moderate_34.jpg,Moderate
Moderate_35.jpg,Moderate
Moderate_36.jpg,Moderate
Moderate_37.jpg,Moderate
Moderate_38.jpg,Moderate
Moderate_39.jpg,Moderate
Moderate_40.jpg,Moderate
Moderate_41.jpg,Moderate
Moderate_42.jpg,Moderate
Moderate_43.jpg,Moderate
Moderate_44.jpg,Moderate
Moderate_45.jpg,Moderate
Moderate_46.jpg,Moderate
Moderate_47.jpg,Moderate
Moderate_48.jpg,Moderate
Moderate_49.jpg,Moderate
Moderate_50.jpg,Moderate
Moderate_51.jpg,Moderate
Moderate_52.jpg,Moderate
Moderate_53.jpg,Moderate
Moderate_54.jpg,Moderate
Moderate_55.jpg,Moderate
Moderate_56.jpg,Moderate
Moderate_57.jpg,Moderate
Moderate_58.jpg,Moderate
Moderate_59.jpg,Moderate
Moderate_60.jpg,Moderate
Moderate_61.jpg,Moderate
Moderate_62.jpg,Moderate
Moderate_63.jpg,Moderate
Moderate_64.jpg,Moderate
Moderate_65.jpg,Moderate
Moderate_66.jpg,Moderate
Moderate_67.jpg,Moderate
Moderate_68.jpg,Moderate
Moderate_69.jpg,Moderate
Moderate_70.jpg,Moderate
Moderate_71.jpg,Moderate
Moderate_72.jpg,Moderate
Moderate_73.jpg,Moderate
Moderate_74.jpg,Moderate
Moderate_75.jpg,Moderate
Moderate_76.jpg,Moderate
Moderate_77.jpg,Moderate
Moderate_78.jpg,Moderate
Moderate_79.jpg,Moderate
Moderate_80.jpg,Moderate
Moderate_81.jpg,Moderate
Moderate_82.jpg,Moderate
Moderate_83.jpg,Moderate
Moderate_84.jpg,Moderate
Moderate_85.jpg,Moderate
Moderate_86.jpg,Moderate
Moderate_87.jpg,Moderate
Moderate_88.jpg,Moderate
Moderate_89.jpg,Moderate
Moderate_90.jpg,Moderate
Moderate_91.jpg,Moderate
Moderate_92.jpg,Moderate
Moderate_93.jpg,Moderate
Moderate_94.jpg,Moderate
Moderate_95.jpg,Moderate
Moderate_96.jpg,Moderate
Moderate_97.jpg,Moderate
Moderate_98.jpg,Moderate
Moderate_99.jpg,Moderate
Moderate_100.jpg,Moderate
Moderate_101.jpg,Moderate
Moderate_102.jpg,Moderate
Moderate_103.jpg,Moderate
Moderate_104.jpg,Moderate
Moderate_105.jpg,Moderate
Moderate_106.jpg,Moderate
Moderate_107.jpg,Moderate
Moderate_108.jpg,Moderate
Moderate_109.jpg,Moderate
Moderate_110.jpg,Moderate
Moderate_111.jpg,Moderate
Moderate_112.jpg,Moderate
Moderate_113.jpg,Moderate
Moderate_114.jpg,Moderate
Moderate_115.jpg,Moderate
Moderate_116.jpg,Moderate
Moderate_117.jpg,Moderate
Moderate_118.jpg,Moderate
Moderate_119.jpg,Moderate
Moderate_120.jpg,Moderate
Moderate_121.jpg,Moderate
Moderate_122.jpg,Moderate
Moderate_123.jpg,Moderate
Moderate_124.jpg,Moderate
Moderate_125.jpg,Moderate
Moderate_126.jpg,Moderate
Moderate_127.jpg,Moderate
Moderate_128.jpg,Moderate
Moderate_129.jpg,Moderate
Moderate_130.jpg,Moderate
Moderate_131.jpg,Moderate
Moderate_132.jpg,Moderate
Moderate_133.jpg,Moderate
Moderate_134.jpg,Moderate
Moderate_135.jpg,Moderate
Moderate_136.jpg,Moderate
Moderate_137.jpg,Moderate
Moderate_138.jpg,Moderate
Moderate_139.jpg,Moderate
Moderate_140.jpg,Moderate
Moderate_141.jpg,Moderate
Moderate_142.jpg,Moderate
Moderate_143.jpg,Moderate
Moderate_144.jpg,Moderate
Moderate_145.jpg,Moderate
Moderate_146.jpg,Moderate
Moderate_147.jpg,Moderate
Moderate_148.jpg,Moderate
Moderate_149.jpg,Moderate
Moderate_150.jpg,Moderate
Moderate_151.jpg,Moderate
Moderate_152.jpg,Moderate
Moderate_153.jpg,Moderate
Moderate_154.jpg,Moderate
Moderate_155.jpg,Moderate
Moderate_156.jpg,Moderate
Moderate_157.jpg,Moderate
Moderate_158.jpg,Moderate
Moderate_159.jpg,Moderate
Moderate_160.jpg,Moderate
Moderate_161.jpg,Moderate
Moderate_162.jpg,Moderate
Moderate_163.jpg,Moderate
Moderate_164.jpg,Moderate
Moderate_165.jpg,Moderate
Moderate_166.jpg,Moderate
Moderate_167.jpg,Moderate
Moderate_168.jpg,Moderate
Moderate_169.jpg,Moderate
Moderate_170.jpg,Moderate
Moderate_171.jpg,Moderate
Moderate_172.jpg,Moderate
Moderate_173.jpg,Moderate
Moderate_174.jpg,Moderate
Moderate_175.jpg,Moderate
Moderate_176.jpg,Moderate
Moderate_177.jpg,Moderate
Moderate_178.jpg,Moderate
Moderate_179.jpg,Moderate
Moderate_180.jpg,Moderate
Moderate_181.jpg,Moderate
Moderate_182.jpg,Moderate
Moderate_183.jpg,Moderate
Moderate_184.jpg,Moderate
Moderate_185.jpg,Moderate
Moderate_186.jpg,Moderate
Moderate_187.jpg,Moderate
Moderate_188.jpg,Moderate
Moderate_189.jpg,Moderate
Moderate_190.jpg,Moderate
Moderate_191.jpg,Moderate
Moderate_192.jpg,Moderate
Moderate_193.jpg,Moderate
Moderate_194.jpg,Moderate
Moderate_195.jpg,Moderate
Moderate_196.jpg,Moderate
Moderate_197.jpg,Moderate
Moderate_198.jpg,Moderate
Moderate_199.jpg,Moderate
Moderate_200.jpg,Moderate
Moderate_201.jpg,Moderate
Moderate_202.jpg,Moderate
Moderate_203.jpg,Moderate
Moderate_204.jpg,Moderate
Moderate_205.jpg,Moderate
Moderate_206.jpg,Moderate
Moderate_207.jpg,Moderate
Moderate_208.jpg,Moderate
Moderate_209.jpg,Moderate
Moderate_210.jpg,Moderate
Moderate_211.jpg,Moderate
Moderate_212.jpg,Moderate
Moderate_213.jpg,Moderate
Moderate_214.jpg,Moderate
Moderate_215.jpg,Moderate
Moderate_216.jpg,Moderate
Moderate_217.jpg,Moderate
Moderate_218.jpg,Moderate
Moderate_219.jpg,Moderate
Moderate_220.jpg,Moderate
Moderate_221.jpg,Moderate
Moderate_222.jpg,Moderate
Moderate_223.jpg,Moderate
Moderate_224.jpg,Moderate
Moderate_225.jpg,Moderate
Moderate_226.jpg,Moderate
Moderate_227.jpg,Moderate
Moderate_228.jpg,Moderate
Moderate_229.jpg,Moderate
Moderate_230.jpg,Moderate
Moderate_231.jpg,Moderate
Moderate_232.jpg,Moderate
Moderate_233.jpg,Moderate
Moderate_234.jpg,Moderate
Moderate_235.jpg,Moderate
Moderate_236.jpg,Moderate
Moderate_237.jpg,Moderate
Moderate_238.jpg,Moderate
Moderate_239.jpg,Moderate
Moderate_240.jpg,Moderate
Moderate_241.jpg,Moderate
Moderate_242.jpg,Moderate
Moderate_243.jpg,Moderate
Moderate_244.jpg,Moderate
Moderate_245.jpg,Moderate
Moderate_246.jpg,Moderate
Moderate_247.jpg,Moderate
Moderate_248.jpg,Moderate
Moderate_249.jpg,Moderate
Moderate_250.jpg,Moderate
Moderate_251.jpg,Moderate
Moderate_252.jpg,Moderate
Moderate_253.jpg,Moderate
Moderate_254.jpg,Moderate
Moderate_255.jpg,Moderate
Moderate_256.jpg,Moderate
Moderate_257.jpg,Moderate
Moderate_258.jpg,Moderate
Moderate_259.jpg,Moderate
Moderate_260.jpg,Moderate
Moderate_261.jpg,Moderate
Moderate_262.jpg,Moderate
Moderate_263.jpg,Moderate
Moderate_264.jpg,Moderate
Moderate_265.jpg,Moderate
Moderate_266.jpg,Moderate
Moderate_267.jpg,Moderate
Moderate_268.jpg,Moderate
Moderate_269.jpg,Moderate
Moderate_270.jpg,Moderate
Moderate_271.jpg,Moderate
Moderate_272.jpg,Moderate
Moderate_273.jpg,Moderate
Moderate_274.jpg,Moderate
Moderate_275.jpg,Moderate
Moderate_276.jpg,Moderate
Moderate_277.jpg,Moderate
Moderate_278.jpg,Moderate
Moderate_279.jpg,Moderate
Moderate_280.jpg,Moderate
Moderate_281.jpg,Moderate
Moderate_282.jpg,Moderate
Moderate_283.jpg,Moderate
Moderate_284.jpg,Moderate
Moderate_285.jpg,Moderate
Moderate_286.jpg,Moderate
Moderate_287.jpg,Moderate
Moderate_288.jpg,Moderate
Moderate_289.jpg,Moderate
Moderate_290.jpg,Moderate
Moderate_291.jpg,Moderate
Moderate_292.jpg,Moderate
Moderate_293.jpg,Moderate
Moderate_294.jpg,Moderate
Moderate_295.jpg,Moderate
Moderate_296.jpg,Moderate
Moderate_297.jpg,Moderate
Moderate_298.jpg,Moderate
Moderate_299.jpg,Moderate
Moderate_300.jpg,Moderate
Moderate_301.jpg,Moderate
Moderate_302.jpg,Moderate
Moderate_303.jpg,Moderate
Moderate_304.jpg,Moderate
Moderate_305.jpg,Moderate
Moderate_306.jpg,Moderate
Moderate_307.jpg,Moderate
Moderate_308.jpg,Moderate
Moderate_309.jpg,Moderate
Moderate_310.jpg,Moderate
Moderate_311.jpg,Moderate
Moderate_312.jpg,Moderate
Moderate_313.jpg,Moderate
Moderate_314.jpg,Moderate
Moderate_315.jpg,Moderate
Moderate_316.jpg,Moderate
Moderate_317.jpg,Moderate
Moderate_318.jpg,Moderate
Moderate_319.jpg,Moderate
Moderate_320.jpg,Moderate
Moderate_321.jpg,Moderate
Moderate_322.jpg,Moderate
Moderate_323.jpg,Moderate
Moderate_324.jpg,Moderate
Moderate_325.jpg,Moderate
Moderate_326.jpg,Moderate
Moderate_327.jpg,Moderate
Moderate_328.jpg,Moderate
Moderate_329.jpg,Moderate
Moderate_330.jpg,Moderate
Moderate_331.jpg,Moderate
Moderate_332.jpg,Moderate
Moderate_333.jpg,Moderate
Moderate_334.jpg,Moderate
Moderate_335.jpg,Moderate
Moderate_336.jpg,Moderate
Moderate_337.jpg,Moderate
Moderate_338.jpg,Moderate
Moderate_339.jpg,Moderate
Moderate_340.jpg,Moderate
Moderate_341.jpg,Moderate
Moderate_342.jpg,Moderate
Moderate_343.jpg,Moderate
Moderate_344.jpg,Moderate
Moderate_345.jpg,Moderate
Moderate_346.jpg,Moderate
Moderate_347.jpg,Moderate
Moderate_348.jpg,Moderate
Moderate_349.jpg,Moderate
Moderate_350.jpg,Moderate
Moderate_351.jpg,Moderate
Moderate_352.jpg,Moderate
Moderate_353.jpg,Moderate
Moderate_354.jpg,Moderate
Moderate_355.jpg,Moderate
Moderate_356.jpg,Moderate
Moderate_357.jpg,Moderate
Moderate_358.jpg,Moderate
Moderate_359.jpg,Moderate
Moderate_360.jpg,Moderate
Moderate_361.jpg,Moderate
Moderate_362.jpg,Moderate
Moderate_363.jpg,Moderate
Moderate_364.jpg,Moderate
Moderate_365.jpg,Moderate
Moderate_366.jpg,Moderate
Moderate_367.jpg,Moderate
Moderate_368.jpg,Moderate
Moderate_369.jpg,Moderate
Moderate_370.jpg,Moderate
Moderate_371.jpg,Moderate
Moderate_372.jpg,Moderate
Moderate_373.jpg,Moderate
Moderate_374.jpg,Moderate
Moderate_375.jpg,Moderate
Moderate_376.jpg,Moderate
Moderate_377.jpg,Moderate
Moderate_378.jpg,Moderate
Moderate_379.jpg,Moderate
Moderate_380.jpg,Moderate
Moderate_381.jpg,Moderate
Moderate_382.jpg,Moderate
Moderate_383.jpg,Moderate
Moderate_384.jpg,Moderate
Moderate_385.jpg,Moderate
Moderate_386.jpg,Moderate
Moderate_387.jpg,Moderate
Moderate_388.jpg,Moderate
Moderate_389.jpg,Moderate
Moderate_390.jpg,Moderate
Moderate_391.jpg,Moderate
Moderate_392.jpg,Moderate
Moderate_393.jpg,Moderate
Moderate_394.jpg,Moderate
Moderate_395.jpg,Moderate
Moderate_396.jpg,Moderate
Moderate_397.jpg,Moderate
Moderate_398.jpg,Moderate
Moderate_399.jpg,Moderate
Moderate_400.jpg,Moderate
Moderate_401.jpg,Moderate
Moderate_402.jpg,Moderate
Moderate_403.jpg,Moderate
Moderate_404.jpg,Moderate
Moderate_405.jpg,Moderate
Moderate_406.jpg,Moderate
Moderate_407.jpg,Moderate
Moderate_408.jpg,Moderate
Moderate_409.jpg,Moderate
Moderate_410.jpg,Moderate
Moderate_411.jpg,Moderate
Moderate_412.jpg,Moderate
Moderate_413.jpg,Moderate
Moderate_414.jpg,Moderate
Moderate_415.jpg,Moderate
Moderate_416.jpg,Moderate
Moderate_417.jpg,Moderate
Moderate_418.jpg,Moderate
Moderate_419.jpg,Moderate
Moderate_420.jpg,Moderate
Moderate_421.jpg,Moderate
Moderate_422.jpg,Moderate
Moderate_423.jpg,Moderate
Moderate_424.jpg,Moderate
Moderate_425.jpg,Moderate
Moderate_426.jpg,Moderate
Moderate_427.jpg,Moderate
Moderate_428.jpg,Moderate
Moderate_429.jpg,Moderate
Moderate_430.jpg,Moderate
Moderate_431.jpg,Moderate
Moderate_432.jpg,Moderate
Moderate_433.jpg,Moderate
Moderate_434.jpg,Moderate
Moderate_435.jpg,Moderate
Moderate_436.jpg,Moderate
Moderate_437.jpg,Moderate
Moderate_438.jpg,Moderate
Moderate_439.jpg,Moderate
Moderate_440.jpg,Moderate
Moderate_441.jpg,Moderate
Moderate_442.jpg,Moderate
Moderate_443.jpg,Moderate
Moderate_444.jpg,Moderate
Moderate_445.jpg,Moderate
Moderate_446.jpg,Moderate
Moderate_447.jpg,Moderate
Moderate_448.jpg,Moderate
Moderate_449.jpg,Moderate
Moderate_450.jpg,Moderate
Moderate_451.jpg,Moderate
Moderate_452.jpg,Moderate
Moderate_453.jpg,Moderate
Moderate_454.jpg,Moderate
Moderate_455.jpg,Moderate
Moderate_456.jpg,Moderate
Moderate_457.jpg,Moderate
Moderate_458.jpg,Moderate
Moderate_459.jpg,Moderate
Moderate_460.jpg,Moderate
Moderate_461.jpg,Moderate
Moderate_462.jpg,Moderate
Moderate_463.jpg,Moderate
Moderate_464.jpg,Moderate
Moderate_465.jpg,Moderate
Moderate_466.jpg,Moderate
Moderate_467.jpg,Moderate
Moderate_468.jpg,Moderate
Moderate_469.jpg,Moderate
Moderate_470.jpg,Moderate
Moderate_471.jpg,Moderate
Moderate_472.jpg,Moderate
Moderate_473.jpg,Moderate
Moderate_474.jpg,Moderate
Moderate_475.jpg,Moderate
Moderate_476.jpg,Moderate
Moderate_477.jpg,Moderate
Moderate_478.jpg,Moderate
Moderate_479.jpg,Moderate
Moderate_480.jpg,Moderate
Moderate_481.jpg,Moderate
Moderate_482.jpg,Moderate
Moderate_483.jpg,Moderate
Moderate_484.jpg,Moderate
Moderate_485.jpg,Moderate
Moderate_486.jpg,Moderate
Moderate_487.jpg,Moderate
Moderate_488.jpg,Moderate
Moderate_489.jpg,Moderate
Moderate_490.jpg,Moderate
Moderate_491.jpg,Moderate
Moderate_492.jpg,Moderate
Moderate_493.jpg,Moderate
Moderate_494.jpg,Moderate
Moderate_495.jpg,Moderate
Moderate_496.jpg,Moderate
Moderate_497.jpg,Moderate
Moderate_498.jpg,Moderate
Moderate_499.jpg,Moderate
Moderate_500.jpg,Moderate
Moderate_501.jpg,Moderate
Moderate_502.jpg,Moderate
Moderate_503.jpg,Moderate
Moderate_504.jpg,Moderate
Moderate_505.jpg,Moderate
Moderate_506.jpg,Moderate
Moderate_507.jpg,Moderate
Moderate_508.jpg,Moderate
Moderate_509.jpg,Moderate
Moderate_510.jpg,Moderate
Moderate_511.jpg,Moderate
Moderate_512.jpg,Moderate
Moderate_513.jpg,Moderate
Moderate_514.jpg,Moderate
Moderate_515.jpg,Moderate
Moderate_516.jpg,Moderate
Moderate_517.jpg,Moderate
Moderate_518.jpg,Moderate
Moderate_519.jpg,Moderate
Moderate_520.jpg,Moderate
Moderate_521.jpg,Moderate
Moderate_522.jpg,Moderate
Moderate_523.jpg,Moderate
Moderate_524.jpg,Moderate
Moderate_525.jpg,Moderate
Moderate_526.jpg,Moderate
Moderate_527.jpg,Moderate
Moderate_528.jpg,Moderate
Moderate_529.jpg,Moderate
Moderate_530.jpg,Moderate
Moderate_531.jpg,Moderate
Moderate_532.jpg,Moderate
Moderate_533.jpg,Moderate
Moderate_534.jpg,Moderate
Moderate_535.jpg,Moderate
Moderate_536.jpg,Moderate
Moderate_537.jpg,Moderate
Moderate_538.jpg,Moderate
Moderate_539.jpg,Moderate
Moderate_540.jpg,Moderate
Moderate_541.jpg,Moderate
Moderate_542.jpg,Moderate
Moderate_543.jpg,Moderate
Moderate_544.jpg,Moderate
Moderate_545.jpg,Moderate
Moderate_546.jpg,Moderate
Moderate_547.jpg,Moderate
Moderate_548.jpg,Moderate
Moderate_549.jpg,Moderate
Moderate_550.jpg,Moderate
Moderate_551.jpg,Moderate
Moderate_552.jpg,Moderate
Moderate_553.jpg,Moderate
Moderate_554.jpg,Moderate
Moderate_555.jpg,Moderate
Moderate_556.jpg,Moderate
Moderate_557.jpg,Moderate
Moderate_558.jpg,Moderate
Moderate_559.jpg,Moderate
Moderate_560.jpg,Moderate
Moderate_561.jpg,Moderate
Moderate_562.jpg,Moderate
Moderate_563.jpg,Moderate
Moderate_564.jpg,Moderate
Moderate_565.jpg,Moderate
Moderate_566.jpg,Moderate
Moderate_567.jpg,Moderate
Moderate_568.jpg,Moderate
Moderate_569.jpg,Moderate
Moderate_570.jpg,Moderate
Moderate_571.jpg,Moderate
Moderate_572.jpg,Moderate
Moderate_573.jpg,Moderate
Moderate_574.jpg,Moderate
Moderate_575.jpg,Moderate
Moderate_576.jpg,Moderate
Moderate_577.jpg,Moderate
Moderate_578.jpg,Moderate
Moderate_579.jpg,Moderate
Moderate_580.jpg,Moderate
Moderate_581.jpg,Moderate
Moderate_582.jpg,Moderate
Moderate_583.jpg,Moderate
Moderate_584.jpg,Moderate
Moderate_585.jpg,Moderate
Moderate_586.jpg,Moderate
Moderate_587.jpg,Moderate
Moderate_588.jpg,Moderate
Moderate_589.jpg,Moderate
Moderate_590.jpg,Moderate
Moderate_591.jpg,Moderate
Moderate_592.jpg,Moderate
Moderate_593.jpg,Moderate
Moderate_594.jpg,Moderate
Moderate_595.jpg,Moderate
Moderate_596.jpg,Moderate
Moderate_597.jpg,Moderate
Moderate_598.jpg,Moderate
Moderate_599.jpg,Moderate
Moderate_600.jpg,Moderate
Moderate_601.jpg,Moderate
Moderate_602.jpg,Moderate
Moderate_603.jpg,Moderate
Moderate_604.jpg,Moderate
Moderate_605.jpg,Moderate
Moderate_606.jpg,Moderate
Moderate_607.jpg,Moderate
Moderate_608.jpg,Moderate
Moderate_609.jpg,Moderate
Moderate_610.jpg,Moderate
Moderate_611.jpg,Moderate
Moderate_612.jpg,Moderate
Moderate_613.jpg,Moderate
Moderate_614.jpg,Moderate
Moderate_615.jpg,Moderate
Moderate_616.jpg,Moderate
Moderate_617.jpg,Moderate
Moderate_618.jpg,Moderate
Moderate_619.jpg,Moderate
Moderate_620.jpg,Moderate
Moderate_621.jpg,Moderate
Moderate_622.jpg,Moderate
Moderate_623.jpg,Moderate
Moderate_624.jpg,Moderate
Moderate_625.jpg,Moderate
Moderate_626.jpg,Moderate
Moderate_627.jpg,Moderate
Moderate_628.jpg,Moderate
Moderate_629.jpg,Moderate
Moderate_630.jpg,Moderate
Moderate_631.jpg,Moderate
Moderate_632.jpg,Moderate
Moderate_633.jpg,Moderate
Moderate_634.jpg,Moderate
Moderate_635.jpg,Moderate
Moderate_636.jpg,Moderate
Moderate_637.jpg,Moderate
Moderate_638.jpg,Moderate
Moderate_639.jpg,Moderate
Moderate_640.jpg,Moderate
Moderate_641.jpg,Moderate
Moderate_642.jpg,Moderate
Moderate_643.jpg,Moderate
Moderate_644.jpg,Moderate
Moderate_645.jpg,Moderate
Moderate_646.jpg,Moderate
Moderate_647.jpg,Moderate
Moderate_648.jpg,Moderate
Moderate_649.jpg,Moderate
Moderate_650.jpg,Moderate
Moderate_651.jpg,Moderate
Moderate_652.jpg,Moderate
Moderate_653.jpg,Moderate
Moderate_654.jpg,Moderate
Moderate_655.jpg,Moderate
Moderate_656.jpg,Moderate
Moderate_657.jpg,Moderate
Moderate_658.jpg,Moderate
Moderate_659.jpg,Moderate
Moderate_660.jpg,Moderate
Moderate_661.jpg,Moderate
Moderate_662.jpg,Moderate
Moderate_663.jpg,Moderate
Moderate_664.jpg,Moderate
Moderate_665.jpg,Moderate
Moderate_666.jpg,Moderate
Moderate_667.jpg,Moderate
Moderate_668.jpg,Moderate
Moderate_669.jpg,Moderate
Moderate_670.jpg,Moderate
Moderate_671.jpg,Moderate
Moderate_672.jpg,Moderate
Moderate_673.jpg,Moderate
Moderate_674.jpg,Moderate
Moderate_675.jpg,Moderate
Moderate_676.jpg,Moderate
Moderate_677.jpg,Moderate
Moderate_678.jpg,Moderate
Moderate_679.jpg,Moderate
Moderate_680.jpg,Moderate
Moderate_681.jpg,Moderate
Moderate_682.jpg,Moderate
Moderate_683.jpg,Moderate
Moderate_684.jpg,Moderate
Moderate_685.jpg,Moderate
Moderate_686.jpg,Moderate
Moderate_687.jpg,Moderate
Moderate_688.jpg,Moderate
Moderate_689.jpg,Moderate
Moderate_690.jpg,Moderate
Moderate_691.jpg,Moderate
Moderate_692.jpg,Moderate
Moderate_693.jpg,Moderate
Moderate_694.jpg,Moderate
Moderate_695.jpg,Moderate
Moderate_696.jpg,Moderate
Moderate_697.jpg,Moderate
Moderate_698.jpg,Moderate
Moderate_699.jpg,Moderate
Moderate_700.jpg,Moderate
Moderate_701.jpg,Moderate
Moderate_702.jpg,Moderate
Moderate_703.jpg,Moderate
Moderate_704.jpg,Moderate
Moderate_705.jpg,Moderate
Moderate_706.jpg,Moderate
Moderate_707.jpg,Moderate
Moderate_708.jpg,Moderate
Moderate_709.jpg,Moderate
Moderate_710.jpg,Moderate
Moderate_711.jpg,Moderate
Moderate_712.jpg,Moderate
Moderate_713.jpg,Moderate
Moderate_714.jpg,Moderate
Moderate_715.jpg,Moderate
Moderate_716.jpg,Moderate
Moderate_717.jpg,Moderate
Moderate_718.jpg,Moderate
Moderate_719.jpg,Moderate
Moderate_720.jpg,Moderate
Moderate_721.jpg,Moderate
Moderate_722.jpg,Moderate
Moderate_723.jpg,Moderate
Moderate_724.jpg,Moderate
Moderate_725.jpg,Moderate
Moderate_726.jpg,Moderate
Moderate_727.jpg,Moderate
Moderate_728.jpg,Moderate
Moderate_729.jpg,Moderate
Moderate_730.jpg,Moderate
Moderate_731.jpg,Moderate
Moderate_732.jpg,Moderate
Moderate_733.jpg,Moderate
Moderate_734.jpg,Moderate
Moderate_735.jpg,Moderate
Moderate_736.jpg,Moderate
Moderate_737.jpg,Moderate
Moderate_738.jpg,Moderate
Moderate_739.jpg,Moderate
Moderate_740.jpg,Moderate
Moderate_741.jpg,Moderate
Moderate_742.jpg,Moderate
Moderate_743.jpg,Moderate
Moderate_744.jpg,Moderate
Moderate_745.jpg,Moderate
Moderate_746.jpg,Moderate
Moderate_747.jpg,Moderate
Moderate_748.jpg,Moderate
Moderate_749.jpg,Moderate
Moderate_750.jpg,Moderate
Moderate_751.jpg,Moderate
Moderate_752.jpg,Moderate
Moderate_753.jpg,Moderate
Moderate_754.jpg,Moderate
Moderate_755.jpg,Moderate
Moderate_756.jpg,Moderate
Moderate_757.jpg,Moderate
Moderate_758.jpg,Moderate
Moderate_759.jpg,Moderate
Moderate_760.jpg,Moderate
Moderate_761.jpg,Moderate
Moderate_762.jpg,Moderate
Moderate_763.jpg,Moderate
Moderate_764.jpg,Moderate
Moderate_765.jpg,Moderate
Moderate_766.jpg,Moderate
Moderate_767.jpg,Moderate
Moderate_768.jpg,Moderate
Moderate_769.jpg,Moderate
Moderate_770.jpg,Moderate
Moderate_771.jpg,Moderate
Moderate_772.jpg,Moderate
Moderate_773.jpg,Moderate
Moderate_774.jpg,Moderate
Moderate_775.jpg,Moderate
Moderate_776.jpg,Moderate
Moderate_777.jpg,Moderate
Moderate_778.jpg,Moderate
Moderate_779.jpg,Moderate
Moderate_780.jpg,Moderate
Moderate_781.jpg,Moderate
Moderate_782.jpg,Moderate
Moderate_783.jpg,Moderate
Moderate_784.jpg,Moderate
Moderate_785.jpg,Moderate
Moderate_786.jpg,Moderate
Moderate_787.jpg,Moderate
Moderate_788.jpg,Moderate
Moderate_789.jpg,Moderate
Moderate_790.jpg,Moderate
Moderate_791.jpg,Moderate
Moderate_792.jpg,Moderate
Moderate_793.jpg,Moderate
Moderate_794.jpg,Moderate
Moderate_795.jpg,Moderate
Moderate_796.jpg,Moderate
Moderate_797.jpg,Moderate
Moderate_798.jpg,Moderate
Moderate_799.jpg,Moderate
Moderate_800.jpg,Moderate
Moderate_801.jpg,Moderate
Moderate_802.jpg,Moderate
Moderate_803.jpg,Moderate
Moderate_804.jpg,Moderate
Moderate_805.jpg,Moderate
Moderate_806.jpg,Moderate
Moderate_807.jpg,Moderate
Moderate_808.jpg,Moderate
Moderate_809.jpg,Moderate
Moderate_810.jpg,Moderate
Moderate_811.jpg,Moderate
Moderate_812.jpg,Moderate
Moderate_813.jpg,Moderate
Moderate_814.jpg,Moderate
Moderate_815.jpg,Moderate
Moderate_816.jpg,Moderate
Moderate_817.jpg,Moderate
Moderate_818.jpg,Moderate
Moderate_819.jpg,Moderate
Moderate_820.jpg,Moderate
Moderate_821.jpg,Moderate
Moderate_822.jpg,Moderate
Moderate_823.jpg,Moderate
Moderate_824.jpg,Moderate
Moderate_825.jpg,Moderate
Moderate_826.jpg,Moderate
Moderate_827.jpg,Moderate
Moderate_828.jpg,Moderate
Moderate_829.jpg,Moderate
Moderate_830.jpg,Moderate
Moderate_831.jpg,Moderate
Moderate_832.jpg,Moderate
Moderate_833.jpg,Moderate
Moderate_834.jpg,Moderate
Moderate_835.jpg,Moderate
Moderate_836.jpg,Moderate
Moderate_837.jpg,Moderate
Moderate_838.jpg,Moderate
Moderate_839.jpg,Moderate
Moderate_840.jpg,Moderate
Moderate_841.jpg,Moderate
Moderate_842.jpg,Moderate
Moderate_843.jpg,Moderate
Moderate_844.jpg,Moderate
Moderate_845.jpg,Moderate
Moderate_846.jpg,Moderate
Moderate_847.jpg,Moderate
Moderate_848.jpg,Moderate
Moderate_849.jpg,Moderate
Moderate_850.jpg,Moderate
Moderate_851.jpg,Moderate
Moderate_852.jpg,Moderate
Moderate_853.jpg,Moderate
Moderate_854.jpg,Moderate
Moderate_855.jpg,Moderate
Moderate_856.jpg,Moderate
Moderate_857.jpg,Moderate
Moderate_858.jpg,Moderate
Moderate_859.jpg,Moderate
Moderate_860.jpg,Moderate
Moderate_861.jpg,Moderate
Moderate_862.jpg,Moderate
Moderate_863.jpg,Moderate
Moderate_864.jpg,Moderate
Moderate_865.jpg,Moderate
Moderate_866.jpg,Moderate
Moderate_867.jpg,Moderate
Moderate_868.jpg,Moderate
Moderate_869.jpg,Moderate
Moderate_870.jpg,Moderate
Moderate_871.jpg,Moderate
Moderate_872.jpg,Moderate
Moderate_873.jpg,Moderate
Moderate_874.jpg,Moderate
Moderate_875.jpg,Moderate
Moderate_876.jpg,Moderate
Moderate_877.jpg,Moderate
Moderate_878.jpg,Moderate
Moderate_879.jpg,Moderate
Moderate_880.jpg,Moderate
Moderate_881.jpg,Moderate
Moderate_882.jpg,Moderate
Moderate_883.jpg,Moderate
Moderate_884.jpg,Moderate
Moderate_885.jpg,Moderate
Moderate_886.jpg,Moderate
Moderate_887.jpg,Moderate
Moderate_888.jpg,Moderate
Moderate_889.jpg,Moderate
Moderate_890.jpg,Moderate
Moderate_891.jpg,Moderate
Moderate_892.jpg,Moderate
Moderate_893.jpg,Moderate
Moderate_894.jpg,Moderate
Moderate_895.jpg,Moderate
Moderate_896.jpg,Moderate
Moderate_897.jpg,Moderate
Moderate_898.jpg,Moderate
Moderate_899.jpg,Moderate
Moderate_900.jpg,Moderate
Moderate_901.jpg,Moderate
Moderate_902.jpg,Moderate
Moderate_903.jpg,Moderate
Moderate_904.jpg,Moderate
Moderate_905.jpg,Moderate
Moderate_906.jpg,Moderate
Moderate_907.jpg,Moderate
Moderate_908.jpg,Moderate
Moderate_909.jpg,Moderate
Moderate_910.jpg,Moderate
Moderate_911.jpg,Moderate
Moderate_912.jpg,Moderate
Moderate_913.jpg,Moderate
Moderate_914.jpg,Moderate
Moderate_915.jpg,Moderate
Moderate_916.jpg,Moderate
Moderate_917.jpg,Moderate
Moderate_918.jpg,Moderate
Moderate_919.jpg,Moderate
Moderate_920.jpg,Moderate
Moderate_921.jpg,Moderate
Moderate_922.jpg,Moderate
Moderate_923.jpg,Moderate
Moderate_924.jpg,Moderate
Moderate_925.jpg,Moderate
Moderate_926.jpg,Moderate
Moderate_927.jpg,Moderate
Moderate_928.jpg,Moderate
Moderate_929.jpg,Moderate
Moderate_930.jpg,Moderate
Moderate_931.jpg,Moderate
Moderate_932.jpg,Moderate
Moderate_933.jpg,Moderate
Moderate_934.jpg,Moderate
Moderate_935.jpg,Moderate
Moderate_936.jpg,Moderate
Moderate_937.jpg,Moderate
Moderate_938.jpg,Moderate
Moderate_939.jpg,Moderate
Moderate_940.jpg,Moderate
Moderate_941.jpg,Moderate
Moderate_942.jpg,Moderate
Moderate_943.jpg,Moderate
Moderate_944.jpg,Moderate
Moderate_945.jpg,Moderate
Moderate_946.jpg,Moderate
Moderate_947.jpg,Moderate
Moderate_948.jpg,Moderate
Moderate_949.jpg,Moderate
Moderate_950.jpg,Moderate
Moderate_951.jpg,Moderate
Moderate_952.jpg,Moderate
Moderate_953.jpg,Moderate
Moderate_954.jpg,Moderate
Moderate_955.jpg,Moderate
Moderate_956.jpg,Moderate
Moderate_957.jpg,Moderate
Moderate_958.jpg,Moderate
Moderate_959.jpg,Moderate
Moderate_960.jpg,Moderate
Moderate_961.jpg,Moderate
Moderate_962.jpg,Moderate
Moderate_963.jpg,Moderate
Moderate_964.jpg,Moderate
Moderate_965.jpg,Moderate
Moderate_966.jpg,Moderate
Moderate_967.jpg,Moderate
Moderate_968.jpg,Moderate
Moderate_969.jpg,Moderate
Moderate_970.jpg,Moderate
Moderate_971.jpg,Moderate
Moderate_972.jpg,Moderate
Moderate_973.jpg,Moderate
Moderate_974.jpg,Moderate
Moderate_975.jpg,Moderate
Moderate_976.jpg,Moderate
Moderate_977.jpg,Moderate
Moderate_978.jpg,Moderate
Moderate_979.jpg,Moderate
Moderate_980.jpg,Moderate
Moderate_981.jpg,Moderate
Moderate_982.jpg,Moderate
Moderate_983.jpg,Moderate
Moderate_984.jpg,Moderate
Moderate_985.jpg,Moderate
Moderate_986.jpg,Moderate
Moderate_987.jpg,Moderate
Moderate_988.jpg,Moderate
Moderate_989.jpg,Moderate
Moderate_990.jpg,Moderate
Moderate_991.jpg,Moderate
Moderate_992.jpg,Moderate
Moderate_993.jpg,Moderate
Moderate_994.jpg,Moderate
Moderate_995.jpg,Moderate
Moderate_996.jpg,Moderate
Moderate_997.jpg,Moderate
Moderate_998.jpg,Moderate
No_DR_0.jpg,No_DR
No_DR_1.jpg,No_DR
No_DR_2.jpg,No_DR
No_DR_3.jpg,No_DR
No_DR_4.jpg,No_DR
No_DR_5.jpg,No_DR
No_DR_6.jpg,No_DR
No_DR_7.jpg,No_DR
No_DR_8.jpg,No_DR
No_DR_9.jpg,No_DR
No_DR_10.jpg,No_DR
No_DR_11.jpg,No_DR
No_DR_12.jpg,No_DR
No_DR_13.jpg,No_DR
No_DR_14.jpg,No_DR
No_DR_15.jpg,No_DR
No_DR_16.jpg,No_DR
No_DR_17.jpg,No_DR
No_DR_18.jpg,No_DR
No_DR_19.jpg,No_DR
No_DR_20.jpg,No_DR
No_DR_21.jpg,No_DR
No_DR_22.jpg,No_DR
No_DR_23.jpg,No_DR
No_DR_24.jpg,No_DR
No_DR_25.jpg,No_DR
No_DR_26.jpg,No_DR
No_DR_27.jpg,No_DR
No_DR_28.jpg,No_DR
No_DR_29.jpg,No_DR
No_DR_30.jpg,No_DR
No_DR_31.jpg,No_DR
No_DR_32.jpg,No_DR
No_DR_33.jpg,No_DR
No_DR_34.jpg,No_DR
No_DR_35.jpg,No_DR
No_DR_36.jpg,No_DR
No_DR_37.jpg,No_DR
No_DR_38.jpg,No_DR
No_DR_39.jpg,No_DR
No_DR_40.jpg,No_DR
No_DR_41.jpg,No_DR
No_DR_42.jpg,No_DR
No_DR_43.jpg,No_DR
No_DR_44.jpg,No_DR
No_DR_45.jpg,No_DR
No_DR_46.jpg,No_DR
No_DR_47.jpg,No_DR
No_DR_48.jpg,No_DR
No_DR_49.jpg,No_DR
No_DR_50.jpg,No_DR
No_DR_51.jpg,No_DR
No_DR_52.jpg,No_DR
No_DR_53.jpg,No_DR
No_DR_54.jpg,No_DR
No_DR_55.jpg,No_DR
No_DR_56.jpg,No_DR
No_DR_57.jpg,No_DR
No_DR_58.jpg,No_DR
No_DR_59.jpg,No_DR
No_DR_60.jpg,No_DR
No_DR_61.jpg,No_DR
No_DR_62.jpg,No_DR
No_DR_63.jpg,No_DR
No_DR_64.jpg,No_DR
No_DR_65.jpg,No_DR
No_DR_66.jpg,No_DR
No_DR_67.jpg,No_DR
No_DR_68.jpg,No_DR
No_DR_69.jpg,No_DR
No_DR_70.jpg,No_DR
No_DR_71.jpg,No_DR
No_DR_72.jpg,No_DR
No_DR_73.jpg,No_DR
No_DR_74.jpg,No_DR
No_DR_75.jpg,No_DR
No_DR_76.jpg,No_DR
No_DR_77.jpg,No_DR
No_DR_78.jpg,No_DR
No_DR_79.jpg,No_DR
No_DR_80.jpg,No_DR
No_DR_81.jpg,No_DR
No_DR_82.jpg,No_DR
No_DR_83.jpg,No_DR
No_DR_84.jpg,No_DR
No_DR_85.jpg,No_DR
No_DR_86.jpg,No_DR
No_DR_87.jpg,No_DR
No_DR_88.jpg,No_DR
No_DR_89.jpg,No_DR
No_DR_90.jpg,No_DR
No_DR_91.jpg,No_DR
No_DR_92.jpg,No_DR
No_DR_93.jpg,No_DR
No_DR_94.jpg,No_DR
No_DR_95.jpg,No_DR
No_DR_96.jpg,No_DR
No_DR_97.jpg,No_DR
No_DR_98.jpg,No_DR
No_DR_99.jpg,No_DR
No_DR_100.jpg,No_DR
No_DR_101.jpg,No_DR
No_DR_102.jpg,No_DR
No_DR_103.jpg,No_DR
No_DR_104.jpg,No_DR
No_DR_105.jpg,No_DR
No_DR_106.jpg,No_DR
No_DR_107.jpg,No_DR
No_DR_108.jpg,No_DR
No_DR_109.jpg,No_DR
No_DR_110.jpg,No_DR
No_DR_111.jpg,No_DR
No_DR_112.jpg,No_DR
No_DR_113.jpg,No_DR
No_DR_114.jpg,No_DR
No_DR_115.jpg,No_DR
No_DR_116.jpg,No_DR
No_DR_117.jpg,No_DR
No_DR_118.jpg,No_DR
No_DR_119.jpg,No_DR
No_DR_120.jpg,No_DR
No_DR_121.jpg,No_DR
No_DR_122.jpg,No_DR
No_DR_123.jpg,No_DR
No_DR_124.jpg,No_DR
No_DR_125.jpg,No_DR
No_DR_126.jpg,No_DR
No_DR_127.jpg,No_DR
No_DR_128.jpg,No_DR
No_DR_129.jpg,No_DR
No_DR_130.jpg,No_DR
No_DR_131.jpg,No_DR
No_DR_132.jpg,No_DR
No_DR_133.jpg,No_DR
No_DR_134.jpg,No_DR
No_DR_135.jpg,No_DR
No_DR_136.jpg,No_DR
No_DR_137.jpg,No_DR
No_DR_138.jpg,No_DR
No_DR_139.jpg,No_DR
No_DR_140.jpg,No_DR
No_DR_141.jpg,No_DR
No_DR_142.jpg,No_DR
No_DR_143.jpg,No_DR
No_DR_144.jpg,No_DR
No_DR_145.jpg,No_DR
No_DR_146.jpg,No_DR
No_DR_147.jpg,No_DR
No_DR_148.jpg,No_DR
No_DR_149.jpg,No_DR
No_DR_150.jpg,No_DR
No_DR_151.jpg,No_DR
No_DR_152.jpg,No_DR
No_DR_153.jpg,No_DR
No_DR_154.jpg,No_DR
No_DR_155.jpg,No_DR
No_DR_156.jpg,No_DR
No_DR_157.jpg,No_DR
No_DR_158.jpg,No_DR
No_DR_159.jpg,No_DR
No_DR_160.jpg,No_DR
No_DR_161.jpg,No_DR
No_DR_162.jpg,No_DR
No_DR_163.jpg,No_DR
No_DR_164.jpg,No_DR
No_DR_165.jpg,No_DR
No_DR_166.jpg,No_DR
No_DR_167.jpg,No_DR
No_DR_168.jpg,No_DR
No_DR_169.jpg,No_DR
No_DR_170.jpg,No_DR
No_DR_171.jpg,No_DR
No_DR_172.jpg,No_DR
No_DR_173.jpg,No_DR
No_DR_174.jpg,No_DR
No_DR_175.jpg,No_DR
No_DR_176.jpg,No_DR
No_DR_177.jpg,No_DR
No_DR_178.jpg,No_DR
No_DR_179.jpg,No_DR
No_DR_180.jpg,No_DR
No_DR_181.jpg,No_DR
No_DR_182.jpg,No_DR
No_DR_183.jpg,No_DR
No_DR_184.jpg,No_DR
No_DR_185.jpg,No_DR
No_DR_186.jpg,No_DR
No_DR_187.jpg,No_DR
No_DR_188.jpg,No_DR
No_DR_189.jpg,No_DR
No_DR_190.jpg,No_DR
No_DR_191.jpg,No_DR
No_DR_192.jpg,No_DR
No_DR_193.jpg,No_DR
No_DR_194.jpg,No_DR
No_DR_195.jpg,No_DR
No_DR_196.jpg,No_DR
No_DR_197.jpg,No_DR
No_DR_198.jpg,No_DR
No_DR_199.jpg,No_DR
No_DR_200.jpg,No_DR
No_DR_201.jpg,No_DR
No_DR_202.jpg,No_DR
No_DR_203.jpg,No_DR
No_DR_204.jpg,No_DR
No_DR_205.jpg,No_DR
No_DR_206.jpg,No_DR
No_DR_207.jpg,No_DR
No_DR_208.jpg,No_DR
No_DR_209.jpg,No_DR
No_DR_210.jpg,No_DR
No_DR_211.jpg,No_DR
No_DR_212.jpg,No_DR
No_DR_213.jpg,No_DR
No_DR_214.jpg,No_DR
No_DR_215.jpg,No_DR
No_DR_216.jpg,No_DR
No_DR_217.jpg,No_DR
No_DR_218.jpg,No_DR
No_DR_219.jpg,No_DR
No_DR_220.jpg,No_DR
No_DR_221.jpg,No_DR
No_DR_222.jpg,No_DR
No_DR_223.jpg,No_DR
No_DR_224.jpg,No_DR
No_DR_225.jpg,No_DR
No_DR_226.jpg,No_DR
No_DR_227.jpg,No_DR
No_DR_228.jpg,No_DR
No_DR_229.jpg,No_DR
No_DR_230.jpg,No_DR
No_DR_231.jpg,No_DR
No_DR_232.jpg,No_DR
No_DR_233.jpg,No_DR
No_DR_234.jpg,No_DR
No_DR_235.jpg,No_DR
No_DR_236.jpg,No_DR
No_DR_237.jpg,No_DR
No_DR_238.jpg,No_DR
No_DR_239.jpg,No_DR
No_DR_240.jpg,No_DR
No_DR_241.jpg,No_DR
No_DR_242.jpg,No_DR
No_DR_243.jpg,No_DR
No_DR_244.jpg,No_DR
No_DR_245.jpg,No_DR
No_DR_246.jpg,No_DR
No_DR_247.jpg,No_DR
No_DR_248.jpg,No_DR
No_DR_249.jpg,No_DR
No_DR_250.jpg,No_DR
No_DR_251.jpg,No_DR
No_DR_252.jpg,No_DR
No_DR_253.jpg,No_DR
No_DR_254.jpg,No_DR
No_DR_255.jpg,No_DR
No_DR_256.jpg,No_DR
No_DR_257.jpg,No_DR
No_DR_258.jpg,No_DR
No_DR_259.jpg,No_DR
No_DR_260.jpg,No_DR
No_DR_261.jpg,No_DR
No_DR_262.jpg,No_DR
No_DR_263.jpg,No_DR
No_DR_264.jpg,No_DR
No_DR_265.jpg,No_DR
No_DR_266.jpg,No_DR
No_DR_267.jpg,No_DR
No_DR_268.jpg,No_DR
No_DR_269.jpg,No_DR
No_DR_270.jpg,No_DR
No_DR_271.jpg,No_DR
No_DR_272.jpg,No_DR
No_DR_273.jpg,No_DR
No_DR_274.jpg,No_DR
No_DR_275.jpg,No_DR
No_DR_276.jpg,No_DR
No_DR_277.jpg,No_DR
No_DR_278.jpg,No_DR
No_DR_279.jpg,No_DR
No_DR_280.jpg,No_DR
No_DR_281.jpg,No_DR
No_DR_282.jpg,No_DR
No_DR_283.jpg,No_DR
No_DR_284.jpg,No_DR
No_DR_285.jpg,No_DR
No_DR_286.jpg,No_DR
No_DR_287.jpg,No_DR
No_DR_288.jpg,No_DR
No_DR_289.jpg,No_DR
No_DR_290.jpg,No_DR
No_DR_291.jpg,No_DR
No_DR_292.jpg,No_DR
No_DR_293.jpg,No_DR
No_DR_294.jpg,No_DR
No_DR_295.jpg,No_DR
No_DR_296.jpg,No_DR
No_DR_297.jpg,No_DR
No_DR_298.jpg,No_DR
No_DR_299.jpg,No_DR
No_DR_300.jpg,No_DR
No_DR_301.jpg,No_DR
No_DR_302.jpg,No_DR
No_DR_303.jpg,No_DR
No_DR_304.jpg,No_DR
No_DR_305.jpg,No_DR
No_DR_306.jpg,No_DR
No_DR_307.jpg,No_DR
No_DR_308.jpg,No_DR
No_DR_309.jpg,No_DR
No_DR_310.jpg,No_DR
No_DR_311.jpg,No_DR
No_DR_312.jpg,No_DR
No_DR_313.jpg,No_DR
No_DR_314.jpg,No_DR
No_DR_315.jpg,No_DR
No_DR_316.jpg,No_DR
No_DR_317.jpg,No_DR
No_DR_318.jpg,No_DR
No_DR_319.jpg,No_DR
No_DR_320.jpg,No_DR
No_DR_321.jpg,No_DR
No_DR_322.jpg,No_DR
No_DR_323.jpg,No_DR
No_DR_324.jpg,No_DR
No_DR_325.jpg,No_DR
No_DR_326.jpg,No_DR
No_DR_327.jpg,No_DR
No_DR_328.jpg,No_DR
No_DR_329.jpg,No_DR
No_DR_330.jpg,No_DR
No_DR_331.jpg,No_DR
No_DR_332.jpg,No_DR
No_DR_333.jpg,No_DR
No_DR_334.jpg,No_DR
No_DR_335.jpg,No_DR
No_DR_336.jpg,No_DR
No_DR_337.jpg,No_DR
No_DR_338.jpg,No_DR
No_DR_339.jpg,No_DR
No_DR_340.jpg,No_DR
No_DR_341.jpg,No_DR
No_DR_342.jpg,No_DR
No_DR_343.jpg,No_DR
No_DR_344.jpg,No_DR
No_DR_345.jpg,No_DR
No_DR_346.jpg,No_DR
No_DR_347.jpg,No_DR
No_DR_348.jpg,No_DR
No_DR_349.jpg,No_DR
No_DR_350.jpg,No_DR
No_DR_351.jpg,No_DR
No_DR_352.jpg,No_DR
No_DR_353.jpg,No_DR
No_DR_354.jpg,No_DR
No_DR_355.jpg,No_DR
No_DR_356.jpg,No_DR
No_DR_357.jpg,No_DR
No_DR_358.jpg,No_DR
No_DR_359.jpg,No_DR
No_DR_360.jpg,No_DR
No_DR_361.jpg,No_DR
No_DR_362.jpg,No_DR
No_DR_363.jpg,No_DR
No_DR_364.jpg,No_DR
No_DR_365.jpg,No_DR
No_DR_366.jpg,No_DR
No_DR_367.jpg,No_DR
No_DR_368.jpg,No_DR
No_DR_369.jpg,No_DR
No_DR_370.jpg,No_DR
No_DR_371.jpg,No_DR
No_DR_372.jpg,No_DR
No_DR_373.jpg,No_DR
No_DR_374.jpg,No_DR
No_DR_375.jpg,No_DR
No_DR_376.jpg,No_DR
No_DR_377.jpg,No_DR
No_DR_378.jpg,No_DR
No_DR_379.jpg,No_DR
No_DR_380.jpg,No_DR
No_DR_381.jpg,No_DR
No_DR_382.jpg,No_DR
No_DR_383.jpg,No_DR
No_DR_384.jpg,No_DR
No_DR_385.jpg,No_DR
No_DR_386.jpg,No_DR
No_DR_387.jpg,No_DR
No_DR_388.jpg,No_DR
No_DR_389.jpg,No_DR
No_DR_390.jpg,No_DR
No_DR_391.jpg,No_DR
No_DR_392.jpg,No_DR
No_DR_393.jpg,No_DR
No_DR_394.jpg,No_DR
No_DR_395.jpg,No_DR
No_DR_396.jpg,No_DR
No_DR_397.jpg,No_DR
No_DR_398.jpg,No_DR
No_DR_399.jpg,No_DR
No_DR_400.jpg,No_DR
No_DR_401.jpg,No_DR
No_DR_402.jpg,No_DR
No_DR_403.jpg,No_DR
No_DR_404.jpg,No_DR
No_DR_405.jpg,No_DR
No_DR_406.jpg,No_DR
No_DR_407.jpg,No_DR
No_DR_408.jpg,No_DR
No_DR_409.jpg,No_DR
No_DR_410.jpg,No_DR
No_DR_411.jpg,No_DR
No_DR_412.jpg,No_DR
No_DR_413.jpg,No_DR
No_DR_414.jpg,No_DR
No_DR_415.jpg,No_DR
No_DR_416.jpg,No_DR
No_DR_417.jpg,No_DR
No_DR_418.jpg,No_DR
No_DR_419.jpg,No_DR
No_DR_420.jpg,No_DR
No_DR_421.jpg,No_DR
No_DR_422.jpg,No_DR
No_DR_423.jpg,No_DR
No_DR_424.jpg,No_DR
No_DR_425.jpg,No_DR
No_DR_426.jpg,No_DR
No_DR_427.jpg,No_DR
No_DR_428.jpg,No_DR
No_DR_429.jpg,No_DR
No_DR_430.jpg,No_DR
No_DR_431.jpg,No_DR
No_DR_432.jpg,No_DR
No_DR_433.jpg,No_DR
No_DR_434.jpg,No_DR
No_DR_435.jpg,No_DR
No_DR_436.jpg,No_DR
No_DR_437.jpg,No_DR
No_DR_438.jpg,No_DR
No_DR_439.jpg,No_DR
No_DR_440.jpg,No_DR
No_DR_441.jpg,No_DR
No_DR_442.jpg,No_DR
No_DR_443.jpg,No_DR
No_DR_444.jpg,No_DR
No_DR_445.jpg,No_DR
No_DR_446.jpg,No_DR
No_DR_447.jpg,No_DR
No_DR_448.jpg,No_DR
No_DR_449.jpg,No_DR
No_DR_450.jpg,No_DR
No_DR_451.jpg,No_DR
No_DR_452.jpg,No_DR
No_DR_453.jpg,No_DR
No_DR_454.jpg,No_DR
No_DR_455.jpg,No_DR
No_DR_456.jpg,No_DR
No_DR_457.jpg,No_DR
No_DR_458.jpg,No_DR
No_DR_459.jpg,No_DR
No_DR_460.jpg,No_DR
No_DR_461.jpg,No_DR
No_DR_462.jpg,No_DR
No_DR_463.jpg,No_DR
No_DR_464.jpg,No_DR
No_DR_465.jpg,No_DR
No_DR_466.jpg,No_DR
No_DR_467.jpg,No_DR
No_DR_468.jpg,No_DR
No_DR_469.jpg,No_DR
No_DR_470.jpg,No_DR
No_DR_471.jpg,No_DR
No_DR_472.jpg,No_DR
No_DR_473.jpg,No_DR
No_DR_474.jpg,No_DR
No_DR_475.jpg,No_DR
No_DR_476.jpg,No_DR
No_DR_477.jpg,No_DR
No_DR_478.jpg,No_DR
No_DR_479.jpg,No_DR
No_DR_480.jpg,No_DR
No_DR_481.jpg,No_DR
No_DR_482.jpg,No_DR
No_DR_483.jpg,No_DR
No_DR_484.jpg,No_DR
No_DR_485.jpg,No_DR
No_DR_486.jpg,No_DR
No_DR_487.jpg,No_DR
No_DR_488.jpg,No_DR
No_DR_489.jpg,No_DR
No_DR_490.jpg,No_DR
No_DR_491.jpg,No_DR
No_DR_492.jpg,No_DR
No_DR_493.jpg,No_DR
No_DR_494.jpg,No_DR
No_DR_495.jpg,No_DR
No_DR_496.jpg,No_DR
No_DR_497.jpg,No_DR
No_DR_498.jpg,No_DR
No_DR_499.jpg,No_DR
No_DR_500.jpg,No_DR
No_DR_501.jpg,No_DR
No_DR_502.jpg,No_DR
No_DR_503.jpg,No_DR
No_DR_504.jpg,No_DR
No_DR_505.jpg,No_DR
No_DR_506.jpg,No_DR
No_DR_507.jpg,No_DR
No_DR_508.jpg,No_DR
No_DR_509.jpg,No_DR
No_DR_510.jpg,No_DR
No_DR_511.jpg,No_DR
No_DR_512.jpg,No_DR
No_DR_513.jpg,No_DR
No_DR_514.jpg,No_DR
No_DR_515.jpg,No_DR
No_DR_516.jpg,No_DR
No_DR_517.jpg,No_DR
No_DR_518.jpg,No_DR
No_DR_519.jpg,No_DR
No_DR_520.jpg,No_DR
No_DR_521.jpg,No_DR
No_DR_522.jpg,No_DR
No_DR_523.jpg,No_DR
No_DR_524.jpg,No_DR
No_DR_525.jpg,No_DR
No_DR_526.jpg,No_DR
No_DR_527.jpg,No_DR
No_DR_528.jpg,No_DR
No_DR_529.jpg,No_DR
No_DR_530.jpg,No_DR
No_DR_531.jpg,No_DR
No_DR_532.jpg,No_DR
No_DR_533.jpg,No_DR
No_DR_534.jpg,No_DR
No_DR_535.jpg,No_DR
No_DR_536.jpg,No_DR
No_DR_537.jpg,No_DR
No_DR_538.jpg,No_DR
No_DR_539.jpg,No_DR
No_DR_540.jpg,No_DR
No_DR_541.jpg,No_DR
No_DR_542.jpg,No_DR
No_DR_543.jpg,No_DR
No_DR_544.jpg,No_DR
No_DR_545.jpg,No_DR
No_DR_546.jpg,No_DR
No_DR_547.jpg,No_DR
No_DR_548.jpg,No_DR
No_DR_549.jpg,No_DR
No_DR_550.jpg,No_DR
No_DR_551.jpg,No_DR
No_DR_552.jpg,No_DR
No_DR_553.jpg,No_DR
No_DR_554.jpg,No_DR
No_DR_555.jpg,No_DR
No_DR_556.jpg,No_DR
No_DR_557.jpg,No_DR
No_DR_558.jpg,No_DR
No_DR_559.jpg,No_DR
No_DR_560.jpg,No_DR
No_DR_561.jpg,No_DR
No_DR_562.jpg,No_DR
No_DR_563.jpg,No_DR
No_DR_564.jpg,No_DR
No_DR_565.jpg,No_DR
No_DR_566.jpg,No_DR
No_DR_567.jpg,No_DR
No_DR_568.jpg,No_DR
No_DR_569.jpg,No_DR
No_DR_570.jpg,No_DR
No_DR_571.jpg,No_DR
No_DR_572.jpg,No_DR
No_DR_573.jpg,No_DR
No_DR_574.jpg,No_DR
No_DR_575.jpg,No_DR
No_DR_576.jpg,No_DR
No_DR_577.jpg,No_DR
No_DR_578.jpg,No_DR
No_DR_579.jpg,No_DR
No_DR_580.jpg,No_DR
No_DR_581.jpg,No_DR
No_DR_582.jpg,No_DR
No_DR_583.jpg,No_DR
No_DR_584.jpg,No_DR
No_DR_585.jpg,No_DR
No_DR_586.jpg,No_DR
No_DR_587.jpg,No_DR
No_DR_588.jpg,No_DR
No_DR_589.jpg,No_DR
No_DR_590.jpg,No_DR
No_DR_591.jpg,No_DR
No_DR_592.jpg,No_DR
No_DR_593.jpg,No_DR
No_DR_594.jpg,No_DR
No_DR_595.jpg,No_DR
No_DR_596.jpg,No_DR
No_DR_597.jpg,No_DR
No_DR_598.jpg,No_DR
No_DR_599.jpg,No_DR
No_DR_600.jpg,No_DR
No_DR_601.jpg,No_DR
No_DR_602.jpg,No_DR
No_DR_603.jpg,No_DR
No_DR_604.jpg,No_DR
No_DR_605.jpg,No_DR
No_DR_606.jpg,No_DR
No_DR_607.jpg,No_DR
No_DR_608.jpg,No_DR
No_DR_609.jpg,No_DR
No_DR_610.jpg,No_DR
No_DR_611.jpg,No_DR
No_DR_612.jpg,No_DR
No_DR_613.jpg,No_DR
No_DR_614.jpg,No_DR
No_DR_615.jpg,No_DR
No_DR_616.jpg,No_DR
No_DR_617.jpg,No_DR
No_DR_618.jpg,No_DR
No_DR_619.jpg,No_DR
No_DR_620.jpg,No_DR
No_DR_621.jpg,No_DR
No_DR_622.jpg,No_DR
No_DR_623.jpg,No_DR
No_DR_624.jpg,No_DR
No_DR_625.jpg,No_DR
No_DR_626.jpg,No_DR
No_DR_627.jpg,No_DR
No_DR_628.jpg,No_DR
No_DR_629.jpg,No_DR
No_DR_630.jpg,No_DR
No_DR_631.jpg,No_DR
No_DR_632.jpg,No_DR
No_DR_633.jpg,No_DR
No_DR_634.jpg,No_DR
No_DR_635.jpg,No_DR
No_DR_636.jpg,No_DR
No_DR_637.jpg,No_DR
No_DR_638.jpg,No_DR
No_DR_639.jpg,No_DR
No_DR_640.jpg,No_DR
No_DR_641.jpg,No_DR
No_DR_642.jpg,No_DR
No_DR_643.jpg,No_DR
No_DR_644.jpg,No_DR
No_DR_645.jpg,No_DR
No_DR_646.jpg,No_DR
No_DR_647.jpg,No_DR
No_DR_648.jpg,No_DR
No_DR_649.jpg,No_DR
No_DR_650.jpg,No_DR
No_DR_651.jpg,No_DR
No_DR_652.jpg,No_DR
No_DR_653.jpg,No_DR
No_DR_654.jpg,No_DR
No_DR_655.jpg,No_DR
No_DR_656.jpg,No_DR
No_DR_657.jpg,No_DR
No_DR_658.jpg,No_DR
No_DR_659.jpg,No_DR
No_DR_660.jpg,No_DR
No_DR_661.jpg,No_DR
No_DR_662.jpg,No_DR
No_DR_663.jpg,No_DR
No_DR_664.jpg,No_DR
No_DR_665.jpg,No_DR
No_DR_666.jpg,No_DR
No_DR_667.jpg,No_DR
No_DR_668.jpg,No_DR
No_DR_669.jpg,No_DR
No_DR_670.jpg,No_DR
No_DR_671.jpg,No_DR
No_DR_672.jpg,No_DR
No_DR_673.jpg,No_DR
No_DR_674.jpg,No_DR
No_DR_675.jpg,No_DR
No_DR_676.jpg,No_DR
No_DR_677.jpg,No_DR
No_DR_678.jpg,No_DR
No_DR_679.jpg,No_DR
No_DR_680.jpg,No_DR
No_DR_681.jpg,No_DR
No_DR_682.jpg,No_DR
No_DR_683.jpg,No_DR
No_DR_684.jpg,No_DR
No_DR_685.jpg,No_DR
No_DR_686.jpg,No_DR
No_DR_687.jpg,No_DR
No_DR_688.jpg,No_DR
No_DR_689.jpg,No_DR
No_DR_690.jpg,No_DR
No_DR_691.jpg,No_DR
No_DR_692.jpg,No_DR
No_DR_693.jpg,No_DR
No_DR_694.jpg,No_DR
No_DR_695.jpg,No_DR
No_DR_696.jpg,No_DR
No_DR_697.jpg,No_DR
No_DR_698.jpg,No_DR
No_DR_699.jpg,No_DR
No_DR_700.jpg,No_DR
No_DR_701.jpg,No_DR
No_DR_702.jpg,No_DR
No_DR_703.jpg,No_DR
No_DR_704.jpg,No_DR
No_DR_705.jpg,No_DR
No_DR_706.jpg,No_DR
No_DR_707.jpg,No_DR
No_DR_708.jpg,No_DR
No_DR_709.jpg,No_DR
No_DR_710.jpg,No_DR
No_DR_711.jpg,No_DR
No_DR_712.jpg,No_DR
No_DR_713.jpg,No_DR
No_DR_714.jpg,No_DR
No_DR_715.jpg,No_DR
No_DR_716.jpg,No_DR
No_DR_717.jpg,No_DR
No_DR_718.jpg,No_DR
No_DR_719.jpg,No_DR
No_DR_720.jpg,No_DR
No_DR_721.jpg,No_DR
No_DR_722.jpg,No_DR
No_DR_723.jpg,No_DR
No_DR_724.jpg,No_DR
No_DR_725.jpg,No_DR
No_DR_726.jpg,No_DR
No_DR_727.jpg,No_DR
No_DR_728.jpg,No_DR
No_DR_729.jpg,No_DR
No_DR_730.jpg,No_DR
No_DR_731.jpg,No_DR
No_DR_732.jpg,No_DR
No_DR_733.jpg,No_DR
No_DR_734.jpg,No_DR
No_DR_735.jpg,No_DR
No_DR_736.jpg,No_DR
No_DR_737.jpg,No_DR
No_DR_738.jpg,No_DR
No_DR_739.jpg,No_DR
No_DR_740.jpg,No_DR
No_DR_741.jpg,No_DR
No_DR_742.jpg,No_DR
No_DR_743.jpg,No_DR
No_DR_744.jpg,No_DR
No_DR_745.jpg,No_DR
No_DR_746.jpg,No_DR
No_DR_747.jpg,No_DR
No_DR_748.jpg,No_DR
No_DR_749.jpg,No_DR
No_DR_750.jpg,No_DR
No_DR_751.jpg,No_DR
No_DR_752.jpg,No_DR
No_DR_753.jpg,No_DR
No_DR_754.jpg,No_DR
No_DR_755.jpg,No_DR
No_DR_756.jpg,No_DR
No_DR_757.jpg,No_DR
No_DR_758.jpg,No_DR
No_DR_759.jpg,No_DR
No_DR_760.jpg,No_DR
No_DR_761.jpg,No_DR
No_DR_762.jpg,No_DR
No_DR_763.jpg,No_DR
No_DR_764.jpg,No_DR
No_DR_765.jpg,No_DR
No_DR_766.jpg,No_DR
No_DR_767.jpg,No_DR
No_DR_768.jpg,No_DR
No_DR_769.jpg,No_DR
No_DR_770.jpg,No_DR
No_DR_771.jpg,No_DR
No_DR_772.jpg,No_DR
No_DR_773.jpg,No_DR
No_DR_774.jpg,No_DR
No_DR_775.jpg,No_DR
No_DR_776.jpg,No_DR
No_DR_777.jpg,No_DR
No_DR_778.jpg,No_DR
No_DR_779.jpg,No_DR
No_DR_780.jpg,No_DR
No_DR_781.jpg,No_DR
No_DR_782.jpg,No_DR
No_DR_783.jpg,No_DR
No_DR_784.jpg,No_DR
No_DR_785.jpg,No_DR
No_DR_786.jpg,No_DR
No_DR_787.jpg,No_DR
No_DR_788.jpg,No_DR
No_DR_789.jpg,No_DR
No_DR_790.jpg,No_DR
No_DR_791.jpg,No_DR
No_DR_792.jpg,No_DR
No_DR_793.jpg,No_DR
No_DR_794.jpg,No_DR
No_DR_795.jpg,No_DR
No_DR_796.jpg,No_DR
No_DR_797.jpg,No_DR
No_DR_798.jpg,No_DR
No_DR_799.jpg,No_DR
No_DR_800.jpg,No_DR
No_DR_801.jpg,No_DR
No_DR_802.jpg,No_DR
No_DR_803.jpg,No_DR
No_DR_804.jpg,No_DR
No_DR_805.jpg,No_DR
No_DR_806.jpg,No_DR
No_DR_807.jpg,No_DR
No_DR_808.jpg,No_DR
No_DR_809.jpg,No_DR
No_DR_810.jpg,No_DR
No_DR_811.jpg,No_DR
No_DR_812.jpg,No_DR
No_DR_813.jpg,No_DR
No_DR_814.jpg,No_DR
No_DR_815.jpg,No_DR
No_DR_816.jpg,No_DR
No_DR_817.jpg,No_DR
No_DR_818.jpg,No_DR
No_DR_819.jpg,No_DR
No_DR_820.jpg,No_DR
No_DR_821.jpg,No_DR
No_DR_822.jpg,No_DR
No_DR_823.jpg,No_DR
No_DR_824.jpg,No_DR
No_DR_825.jpg,No_DR
No_DR_826.jpg,No_DR
No_DR_827.jpg,No_DR
No_DR_828.jpg,No_DR
No_DR_829.jpg,No_DR
No_DR_830.jpg,No_DR
No_DR_831.jpg,No_DR
No_DR_832.jpg,No_DR
No_DR_833.jpg,No_DR
No_DR_834.jpg,No_DR
No_DR_835.jpg,No_DR
No_DR_836.jpg,No_DR
No_DR_837.jpg,No_DR
No_DR_838.jpg,No_DR
No_DR_839.jpg,No_DR
No_DR_840.jpg,No_DR
No_DR_841.jpg,No_DR
No_DR_842.jpg,No_DR
No_DR_843.jpg,No_DR
No_DR_844.jpg,No_DR
No_DR_845.jpg,No_DR
No_DR_846.jpg,No_DR
No_DR_847.jpg,No_DR
No_DR_848.jpg,No_DR
No_DR_849.jpg,No_DR
No_DR_850.jpg,No_DR
No_DR_851.jpg,No_DR
No_DR_852.jpg,No_DR
No_DR_853.jpg,No_DR
No_DR_854.jpg,No_DR
No_DR_855.jpg,No_DR
No_DR_856.jpg,No_DR
No_DR_857.jpg,No_DR
No_DR_858.jpg,No_DR
No_DR_859.jpg,No_DR
No_DR_860.jpg,No_DR
No_DR_861.jpg,No_DR
No_DR_862.jpg,No_DR
No_DR_863.jpg,No_DR
No_DR_864.jpg,No_DR
No_DR_865.jpg,No_DR
No_DR_866.jpg,No_DR
No_DR_867.jpg,No_DR
No_DR_868.jpg,No_DR
No_DR_869.jpg,No_DR
No_DR_870.jpg,No_DR
No_DR_871.jpg,No_DR
No_DR_872.jpg,No_DR
No_DR_873.jpg,No_DR
No_DR_874.jpg,No_DR
No_DR_875.jpg,No_DR
No_DR_876.jpg,No_DR
No_DR_877.jpg,No_DR
No_DR_878.jpg,No_DR
No_DR_879.jpg,No_DR
No_DR_880.jpg,No_DR
No_DR_881.jpg,No_DR
No_DR_882.jpg,No_DR
No_DR_883.jpg,No_DR
No_DR_884.jpg,No_DR
No_DR_885.jpg,No_DR
No_DR_886.jpg,No_DR
No_DR_887.jpg,No_DR
No_DR_888.jpg,No_DR
No_DR_889.jpg,No_DR
No_DR_890.jpg,No_DR
No_DR_891.jpg,No_DR
No_DR_892.jpg,No_DR
No_DR_893.jpg,No_DR
No_DR_894.jpg,No_DR
No_DR_895.jpg,No_DR
No_DR_896.jpg,No_DR
No_DR_897.jpg,No_DR
No_DR_898.jpg,No_DR
No_DR_899.jpg,No_DR
No_DR_900.jpg,No_DR
No_DR_901.jpg,No_DR
No_DR_902.jpg,No_DR
No_DR_903.jpg,No_DR
No_DR_904.jpg,No_DR
No_DR_905.jpg,No_DR
No_DR_906.jpg,No_DR
No_DR_907.jpg,No_DR
No_DR_908.jpg,No_DR
No_DR_909.jpg,No_DR
No_DR_910.jpg,No_DR
No_DR_911.jpg,No_DR
No_DR_912.jpg,No_DR
No_DR_913.jpg,No_DR
No_DR_914.jpg,No_DR
No_DR_915.jpg,No_DR
No_DR_916.jpg,No_DR
No_DR_917.jpg,No_DR
No_DR_918.jpg,No_DR
No_DR_919.jpg,No_DR
No_DR_920.jpg,No_DR
No_DR_921.jpg,No_DR
No_DR_922.jpg,No_DR
No_DR_923.jpg,No_DR
No_DR_924.jpg,No_DR
No_DR_925.jpg,No_DR
No_DR_926.jpg,No_DR
No_DR_927.jpg,No_DR
No_DR_928.jpg,No_DR
No_DR_929.jpg,No_DR
No_DR_930.jpg,No_DR
No_DR_931.jpg,No_DR
No_DR_932.jpg,No_DR
No_DR_933.jpg,No_DR
No_DR_934.jpg,No_DR
No_DR_935.jpg,No_DR
No_DR_936.jpg,No_DR
No_DR_937.jpg,No_DR
No_DR_938.jpg,No_DR
No_DR_939.jpg,No_DR
No_DR_940.jpg,No_DR
No_DR_941.jpg,No_DR
No_DR_942.jpg,No_DR
No_DR_943.jpg,No_DR
No_DR_944.jpg,No_DR
No_DR_945.jpg,No_DR
No_DR_946.jpg,No_DR
No_DR_947.jpg,No_DR
No_DR_948.jpg,No_DR
No_DR_949.jpg,No_DR
No_DR_950.jpg,No_DR
No_DR_951.jpg,No_DR
No_DR_952.jpg,No_DR
No_DR_953.jpg,No_DR
No_DR_954.jpg,No_DR
No_DR_955.jpg,No_DR
No_DR_956.jpg,No_DR
No_DR_957.jpg,No_DR
No_DR_958.jpg,No_DR
No_DR_959.jpg,No_DR
No_DR_960.jpg,No_DR
No_DR_961.jpg,No_DR
No_DR_962.jpg,No_DR
No_DR_963.jpg,No_DR
No_DR_964.jpg,No_DR
No_DR_965.jpg,No_DR
No_DR_966.jpg,No_DR
No_DR_967.jpg,No_DR
No_DR_968.jpg,No_DR
No_DR_969.jpg,No_DR
No_DR_970.jpg,No_DR
No_DR_971.jpg,No_DR
No_DR_972.jpg,No_DR
No_DR_973.jpg,No_DR
No_DR_974.jpg,No_DR
No_DR_975.jpg,No_DR
No_DR_976.jpg,No_DR
No_DR_977.jpg,No_DR
No_DR_978.jpg,No_DR
No_DR_979.jpg,No_DR
No_DR_980.jpg,No_DR
No_DR_981.jpg,No_DR
No_DR_982.jpg,No_DR
No_DR_983.jpg,No_DR
No_DR_984.jpg,No_DR
No_DR_985.jpg,No_DR
No_DR_986.jpg,No_DR
No_DR_987.jpg,No_DR
No_DR_988.jpg,No_DR
No_DR_989.jpg,No_DR
No_DR_990.jpg,No_DR
No_DR_991.jpg,No_DR
No_DR_992.jpg,No_DR
No_DR_993.jpg,No_DR
No_DR_994.jpg,No_DR
No_DR_995.jpg,No_DR
No_DR_996.jpg,No_DR
No_DR_997.jpg,No_DR
No_DR_998.jpg,No_DR
No_DR_999.jpg,No_DR
No_DR_1000.jpg,No_DR
No_DR_1001.jpg,No_DR
No_DR_1002.jpg,No_DR
No_DR_1003.jpg,No_DR
No_DR_1004.jpg,No_DR
No_DR_1005.jpg,No_DR
No_DR_1006.jpg,No_DR
No_DR_1007.jpg,No_DR
No_DR_1008.jpg,No_DR
No_DR_1009.jpg,No_DR
No_DR_1010.jpg,No_DR
No_DR_1011.jpg,No_DR
No_DR_1012.jpg,No_DR
No_DR_1013.jpg,No_DR
No_DR_1014.jpg,No_DR
No_DR_1015.jpg,No_DR
No_DR_1016.jpg,No_DR
No_DR_1017.jpg,No_DR
No_DR_1018.jpg,No_DR
No_DR_1019.jpg,No_DR
No_DR_1020.jpg,No_DR
No_DR_1021.jpg,No_DR
No_DR_1022.jpg,No_DR
No_DR_1023.jpg,No_DR
No_DR_1024.jpg,No_DR
No_DR_1025.jpg,No_DR
No_DR_1026.jpg,No_DR
No_DR_1027.jpg,No_DR
No_DR_1028.jpg,No_DR
No_DR_1029.jpg,No_DR
No_DR_1030.jpg,No_DR
No_DR_1031.jpg,No_DR
No_DR_1032.jpg,No_DR
No_DR_1033.jpg,No_DR
No_DR_1034.jpg,No_DR
No_DR_1035.jpg,No_DR
No_DR_1036.jpg,No_DR
No_DR_1037.jpg,No_DR
No_DR_1038.jpg,No_DR
No_DR_1039.jpg,No_DR
No_DR_1040.jpg,No_DR
No_DR_1041.jpg,No_DR
No_DR_1042.jpg,No_DR
No_DR_1043.jpg,No_DR
No_DR_1044.jpg,No_DR
No_DR_1045.jpg,No_DR
No_DR_1046.jpg,No_DR
No_DR_1047.jpg,No_DR
No_DR_1048.jpg,No_DR
No_DR_1049.jpg,No_DR
No_DR_1050.jpg,No_DR
No_DR_1051.jpg,No_DR
No_DR_1052.jpg,No_DR
No_DR_1053.jpg,No_DR
No_DR_1054.jpg,No_DR
No_DR_1055.jpg,No_DR
No_DR_1056.jpg,No_DR
No_DR_1057.jpg,No_DR
No_DR_1058.jpg,No_DR
No_DR_1059.jpg,No_DR
No_DR_1060.jpg,No_DR
No_DR_1061.jpg,No_DR
No_DR_1062.jpg,No_DR
No_DR_1063.jpg,No_DR
No_DR_1064.jpg,No_DR
No_DR_1065.jpg,No_DR
No_DR_1066.jpg,No_DR
No_DR_1067.jpg,No_DR
No_DR_1068.jpg,No_DR
No_DR_1069.jpg,No_DR
No_DR_1070.jpg,No_DR
No_DR_1071.jpg,No_DR
No_DR_1072.jpg,No_DR
No_DR_1073.jpg,No_DR
No_DR_1074.jpg,No_DR
No_DR_1075.jpg,No_DR
No_DR_1076.jpg,No_DR
No_DR_1077.jpg,No_DR
No_DR_1078.jpg,No_DR
No_DR_1079.jpg,No_DR
No_DR_1080.jpg,No_DR
No_DR_1081.jpg,No_DR
No_DR_1082.jpg,No_DR
No_DR_1083.jpg,No_DR
No_DR_1084.jpg,No_DR
No_DR_1085.jpg,No_DR
No_DR_1086.jpg,No_DR
No_DR_1087.jpg,No_DR
No_DR_1088.jpg,No_DR
No_DR_1089.jpg,No_DR
No_DR_1090.jpg,No_DR
No_DR_1091.jpg,No_DR
No_DR_1092.jpg,No_DR
No_DR_1093.jpg,No_DR
No_DR_1094.jpg,No_DR
No_DR_1095.jpg,No_DR
No_DR_1096.jpg,No_DR
No_DR_1097.jpg,No_DR
No_DR_1098.jpg,No_DR
No_DR_1099.jpg,No_DR
No_DR_1100.jpg,No_DR
No_DR_1101.jpg,No_DR
No_DR_1102.jpg,No_DR
No_DR_1103.jpg,No_DR
No_DR_1104.jpg,No_DR
No_DR_1105.jpg,No_DR
No_DR_1106.jpg,No_DR
No_DR_1107.jpg,No_DR
No_DR_1108.jpg,No_DR
No_DR_1109.jpg,No_DR
No_DR_1110.jpg,No_DR
No_DR_1111.jpg,No_DR
No_DR_1112.jpg,No_DR
No_DR_1113.jpg,No_DR
No_DR_1114.jpg,No_DR
No_DR_1115.jpg,No_DR
No_DR_1116.jpg,No_DR
No_DR_1117.jpg,No_DR
No_DR_1118.jpg,No_DR
No_DR_1119.jpg,No_DR
No_DR_1120.jpg,No_DR
No_DR_1121.jpg,No_DR
No_DR_1122.jpg,No_DR
No_DR_1123.jpg,No_DR
No_DR_1124.jpg,No_DR
No_DR_1125.jpg,No_DR
No_DR_1126.jpg,No_DR
No_DR_1127.jpg,No_DR
No_DR_1128.jpg,No_DR
No_DR_1129.jpg,No_DR
No_DR_1130.jpg,No_DR
No_DR_1131.jpg,No_DR
No_DR_1132.jpg,No_DR
No_DR_1133.jpg,No_DR
No_DR_1134.jpg,No_DR
No_DR_1135.jpg,No_DR
No_DR_1136.jpg,No_DR
No_DR_1137.jpg,No_DR
No_DR_1138.jpg,No_DR
No_DR_1139.jpg,No_DR
No_DR_1140.jpg,No_DR
No_DR_1141.jpg,No_DR
No_DR_1142.jpg,No_DR
No_DR_1143.jpg,No_DR
No_DR_1144.jpg,No_DR
No_DR_1145.jpg,No_DR
No_DR_1146.jpg,No_DR
No_DR_1147.jpg,No_DR
No_DR_1148.jpg,No_DR
No_DR_1149.jpg,No_DR
No_DR_1150.jpg,No_DR
No_DR_1151.jpg,No_DR
No_DR_1152.jpg,No_DR
No_DR_1153.jpg,No_DR
No_DR_1154.jpg,No_DR
No_DR_1155.jpg,No_DR
No_DR_1156.jpg,No_DR
No_DR_1157.jpg,No_DR
No_DR_1158.jpg,No_DR
No_DR_1159.jpg,No_DR
No_DR_1160.jpg,No_DR
No_DR_1161.jpg,No_DR
No_DR_1162.jpg,No_DR
No_DR_1163.jpg,No_DR
No_DR_1164.jpg,No_DR
No_DR_1165.jpg,No_DR
No_DR_1166.jpg,No_DR
No_DR_1167.jpg,No_DR
No_DR_1168.jpg,No_DR
No_DR_1169.jpg,No_DR
No_DR_1170.jpg,No_DR
No_DR_1171.jpg,No_DR
No_DR_1172.jpg,No_DR
No_DR_1173.jpg,No_DR
No_DR_1174.jpg,No_DR
No_DR_1175.jpg,No_DR
No_DR_1176.jpg,No_DR
No_DR_1177.jpg,No_DR
No_DR_1178.jpg,No_DR
No_DR_1179.jpg,No_DR
No_DR_1180.jpg,No_DR
No_DR_1181.jpg,No_DR
No_DR_1182.jpg,No_DR
No_DR_1183.jpg,No_DR
No_DR_1184.jpg,No_DR
No_DR_1185.jpg,No_DR
No_DR_1186.jpg,No_DR
No_DR_1187.jpg,No_DR
No_DR_1188.jpg,No_DR
No_DR_1189.jpg,No_DR
No_DR_1190.jpg,No_DR
No_DR_1191.jpg,No_DR
No_DR_1192.jpg,No_DR
No_DR_1193.jpg,No_DR
No_DR_1194.jpg,No_DR
No_DR_1195.jpg,No_DR
No_DR_1196.jpg,No_DR
No_DR_1197.jpg,No_DR
No_DR_1198.jpg,No_DR
No_DR_1199.jpg,No_DR
No_DR_1200.jpg,No_DR
No_DR_1201.jpg,No_DR
No_DR_1202.jpg,No_DR
No_DR_1203.jpg,No_DR
No_DR_1204.jpg,No_DR
No_DR_1205.jpg,No_DR
No_DR_1206.jpg,No_DR
No_DR_1207.jpg,No_DR
No_DR_1208.jpg,No_DR
No_DR_1209.jpg,No_DR
No_DR_1210.jpg,No_DR
No_DR_1211.jpg,No_DR
No_DR_1212.jpg,No_DR
No_DR_1213.jpg,No_DR
No_DR_1214.jpg,No_DR
No_DR_1215.jpg,No_DR
No_DR_1216.jpg,No_DR
No_DR_1217.jpg,No_DR
No_DR_1218.jpg,No_DR
No_DR_1219.jpg,No_DR
No_DR_1220.jpg,No_DR
No_DR_1221.jpg,No_DR
No_DR_1222.jpg,No_DR
No_DR_1223.jpg,No_DR
No_DR_1224.jpg,No_DR
No_DR_1225.jpg,No_DR
No_DR_1226.jpg,No_DR
No_DR_1227.jpg,No_DR
No_DR_1228.jpg,No_DR
No_DR_1229.jpg,No_DR
No_DR_1230.jpg,No_DR
No_DR_1231.jpg,No_DR
No_DR_1232.jpg,No_DR
No_DR_1233.jpg,No_DR
No_DR_1234.jpg,No_DR
No_DR_1235.jpg,No_DR
No_DR_1236.jpg,No_DR
No_DR_1237.jpg,No_DR
No_DR_1238.jpg,No_DR
No_DR_1239.jpg,No_DR
No_DR_1240.jpg,No_DR
No_DR_1241.jpg,No_DR
No_DR_1242.jpg,No_DR
No_DR_1243.jpg,No_DR
No_DR_1244.jpg,No_DR
No_DR_1245.jpg,No_DR
No_DR_1246.jpg,No_DR
No_DR_1247.jpg,No_DR
No_DR_1248.jpg,No_DR
No_DR_1249.jpg,No_DR
No_DR_1250.jpg,No_DR
No_DR_1251.jpg,No_DR
No_DR_1252.jpg,No_DR
No_DR_1253.jpg,No_DR
No_DR_1254.jpg,No_DR
No_DR_1255.jpg,No_DR
No_DR_1256.jpg,No_DR
No_DR_1257.jpg,No_DR
No_DR_1258.jpg,No_DR
No_DR_1259.jpg,No_DR
No_DR_1260.jpg,No_DR
No_DR_1261.jpg,No_DR
No_DR_1262.jpg,No_DR
No_DR_1263.jpg,No_DR
No_DR_1264.jpg,No_DR
No_DR_1265.jpg,No_DR
No_DR_1266.jpg,No_DR
No_DR_1267.jpg,No_DR
No_DR_1268.jpg,No_DR
No_DR_1269.jpg,No_DR
No_DR_1270.jpg,No_DR
No_DR_1271.jpg,No_DR
No_DR_1272.jpg,No_DR
No_DR_1273.jpg,No_DR
No_DR_1274.jpg,No_DR
No_DR_1275.jpg,No_DR
No_DR_1276.jpg,No_DR
No_DR_1277.jpg,No_DR
No_DR_1278.jpg,No_DR
No_DR_1279.jpg,No_DR
No_DR_1280.jpg,No_DR
No_DR_1281.jpg,No_DR
No_DR_1282.jpg,No_DR
No_DR_1283.jpg,No_DR
No_DR_1284.jpg,No_DR
No_DR_1285.jpg,No_DR
No_DR_1286.jpg,No_DR
No_DR_1287.jpg,No_DR
No_DR_1288.jpg,No_DR
No_DR_1289.jpg,No_DR
No_DR_1290.jpg,No_DR
No_DR_1291.jpg,No_DR
No_DR_1292.jpg,No_DR
No_DR_1293.jpg,No_DR
No_DR_1294.jpg,No_DR
No_DR_1295.jpg,No_DR
No_DR_1296.jpg,No_DR
No_DR_1297.jpg,No_DR
No_DR_1298.jpg,No_DR
No_DR_1299.jpg,No_DR
No_DR_1300.jpg,No_DR
No_DR_1301.jpg,No_DR
No_DR_1302.jpg,No_DR
No_DR_1303.jpg,No_DR
No_DR_1304.jpg,No_DR
No_DR_1305.jpg,No_DR
No_DR_1306.jpg,No_DR
No_DR_1307.jpg,No_DR
No_DR_1308.jpg,No_DR
No_DR_1309.jpg,No_DR
No_DR_1310.jpg,No_DR
No_DR_1311.jpg,No_DR
No_DR_1312.jpg,No_DR
No_DR_1313.jpg,No_DR
No_DR_1314.jpg,No_DR
No_DR_1315.jpg,No_DR
No_DR_1316.jpg,No_DR
No_DR_1317.jpg,No_DR
No_DR_1318.jpg,No_DR
No_DR_1319.jpg,No_DR
No_DR_1320.jpg,No_DR
No_DR_1321.jpg,No_DR
No_DR_1322.jpg,No_DR
No_DR_1323.jpg,No_DR
No_DR_1324.jpg,No_DR
No_DR_1325.jpg,No_DR
No_DR_1326.jpg,No_DR
No_DR_1327.jpg,No_DR
No_DR_1328.jpg,No_DR
No_DR_1329.jpg,No_DR
No_DR_1330.jpg,No_DR
No_DR_1331.jpg,No_DR
No_DR_1332.jpg,No_DR
No_DR_1333.jpg,No_DR
No_DR_1334.jpg,No_DR
No_DR_1335.jpg,No_DR
No_DR_1336.jpg,No_DR
No_DR_1337.jpg,No_DR
No_DR_1338.jpg,No_DR
No_DR_1339.jpg,No_DR
No_DR_1340.jpg,No_DR
No_DR_1341.jpg,No_DR
No_DR_1342.jpg,No_DR
No_DR_1343.jpg,No_DR
No_DR_1344.jpg,No_DR
No_DR_1345.jpg,No_DR
No_DR_1346.jpg,No_DR
No_DR_1347.jpg,No_DR
No_DR_1348.jpg,No_DR
No_DR_1349.jpg,No_DR
No_DR_1350.jpg,No_DR
No_DR_1351.jpg,No_DR
No_DR_1352.jpg,No_DR
No_DR_1353.jpg,No_DR
No_DR_1354.jpg,No_DR
No_DR_1355.jpg,No_DR
No_DR_1356.jpg,No_DR
No_DR_1357.jpg,No_DR
No_DR_1358.jpg,No_DR
No_DR_1359.jpg,No_DR
No_DR_1360.jpg,No_DR
No_DR_1361.jpg,No_DR
No_DR_1362.jpg,No_DR
No_DR_1363.jpg,No_DR
No_DR_1364.jpg,No_DR
No_DR_1365.jpg,No_DR
No_DR_1366.jpg,No_DR
No_DR_1367.jpg,No_DR
No_DR_1368.jpg,No_DR
No_DR_1369.jpg,No_DR
No_DR_1370.jpg,No_DR
No_DR_1371.jpg,No_DR
No_DR_1372.jpg,No_DR
No_DR_1373.jpg,No_DR
No_DR_1374.jpg,No_DR
No_DR_1375.jpg,No_DR
No_DR_1376.jpg,No_DR
No_DR_1377.jpg,No_DR
No_DR_1378.jpg,No_DR
No_DR_1379.jpg,No_DR
No_DR_1380.jpg,No_DR
No_DR_1381.jpg,No_DR
No_DR_1382.jpg,No_DR
No_DR_1383.jpg,No_DR
No_DR_1384.jpg,No_DR
No_DR_1385.jpg,No_DR
No_DR_1386.jpg,No_DR
No_DR_1387.jpg,No_DR
No_DR_1388.jpg,No_DR
No_DR_1389.jpg,No_DR
No_DR_1390.jpg,No_DR
No_DR_1391.jpg,No_DR
No_DR_1392.jpg,No_DR
No_DR_1393.jpg,No_DR
No_DR_1394.jpg,No_DR
No_DR_1395.jpg,No_DR
No_DR_1396.jpg,No_DR
No_DR_1397.jpg,No_DR
No_DR_1398.jpg,No_DR
No_DR_1399.jpg,No_DR
No_DR_1400.jpg,No_DR
No_DR_1401.jpg,No_DR
No_DR_1402.jpg,No_DR
No_DR_1403.jpg,No_DR
No_DR_1404.jpg,No_DR
No_DR_1405.jpg,No_DR
No_DR_1406.jpg,No_DR
No_DR_1407.jpg,No_DR
No_DR_1408.jpg,No_DR
No_DR_1409.jpg,No_DR
No_DR_1410.jpg,No_DR
No_DR_1411.jpg,No_DR
No_DR_1412.jpg,No_DR
No_DR_1413.jpg,No_DR
No_DR_1414.jpg,No_DR
No_DR_1415.jpg,No_DR
No_DR_1416.jpg,No_DR
No_DR_1417.jpg,No_DR
No_DR_1418.jpg,No_DR
No_DR_1419.jpg,No_DR
No_DR_1420.jpg,No_DR
No_DR_1421.jpg,No_DR
No_DR_1422.jpg,No_DR
No_DR_1423.jpg,No_DR
No_DR_1424.jpg,No_DR
No_DR_1425.jpg,No_DR
No_DR_1426.jpg,No_DR
No_DR_1427.jpg,No_DR
No_DR_1428.jpg,No_DR
No_DR_1429.jpg,No_DR
No_DR_1430.jpg,No_DR
No_DR_1431.jpg,No_DR
No_DR_1432.jpg,No_DR
No_DR_1433.jpg,No_DR
No_DR_1434.jpg,No_DR
No_DR_1435.jpg,No_DR
No_DR_1436.jpg,No_DR
No_DR_1437.jpg,No_DR
No_DR_1438.jpg,No_DR
No_DR_1439.jpg,No_DR
No_DR_1440.jpg,No_DR
No_DR_1441.jpg,No_DR
No_DR_1442.jpg,No_DR
No_DR_1443.jpg,No_DR
No_DR_1444.jpg,No_DR
No_DR_1445.jpg,No_DR
No_DR_1446.jpg,No_DR
No_DR_1447.jpg,No_DR
No_DR_1448.jpg,No_DR
No_DR_1449.jpg,No_DR
No_DR_1450.jpg,No_DR
No_DR_1451.jpg,No_DR
No_DR_1452.jpg,No_DR
No_DR_1453.jpg,No_DR
No_DR_1454.jpg,No_DR
No_DR_1455.jpg,No_DR
No_DR_1456.jpg,No_DR
No_DR_1457.jpg,No_DR
No_DR_1458.jpg,No_DR
No_DR_1459.jpg,No_DR
No_DR_1460.jpg,No_DR
No_DR_1461.jpg,No_DR
No_DR_1462.jpg,No_DR
No_DR_1463.jpg,No_DR
No_DR_1464.jpg,No_DR
No_DR_1465.jpg,No_DR
No_DR_1466.jpg,No_DR
No_DR_1467.jpg,No_DR
No_DR_1468.jpg,No_DR
No_DR_1469.jpg,No_DR
No_DR_1470.jpg,No_DR
No_DR_1471.jpg,No_DR
No_DR_1472.jpg,No_DR
No_DR_1473.jpg,No_DR
No_DR_1474.jpg,No_DR
No_DR_1475.jpg,No_DR
No_DR_1476.jpg,No_DR
No_DR_1477.jpg,No_DR
No_DR_1478.jpg,No_DR
No_DR_1479.jpg,No_DR
No_DR_1480.jpg,No_DR
No_DR_1481.jpg,No_DR
No_DR_1482.jpg,No_DR
No_DR_1483.jpg,No_DR
No_DR_1484.jpg,No_DR
No_DR_1485.jpg,No_DR
No_DR_1486.jpg,No_DR
No_DR_1487.jpg,No_DR
No_DR_1488.jpg,No_DR
No_DR_1489.jpg,No_DR
No_DR_1490.jpg,No_DR
No_DR_1491.jpg,No_DR
No_DR_1492.jpg,No_DR
No_DR_1493.jpg,No_DR
No_DR_1494.jpg,No_DR
No_DR_1495.jpg,No_DR
No_DR_1496.jpg,No_DR
No_DR_1497.jpg,No_DR
No_DR_1498.jpg,No_DR
No_DR_1499.jpg,No_DR
No_DR_1500.jpg,No_DR
No_DR_1501.jpg,No_DR
No_DR_1502.jpg,No_DR
No_DR_1503.jpg,No_DR
No_DR_1504.jpg,No_DR
No_DR_1505.jpg,No_DR
No_DR_1506.jpg,No_DR
No_DR_1507.jpg,No_DR
No_DR_1508.jpg,No_DR
No_DR_1509.jpg,No_DR
No_DR_1510.jpg,No_DR
No_DR_1511.jpg,No_DR
No_DR_1512.jpg,No_DR
No_DR_1513.jpg,No_DR
No_DR_1514.jpg,No_DR
No_DR_1515.jpg,No_DR
No_DR_1516.jpg,No_DR
No_DR_1517.jpg,No_DR
No_DR_1518.jpg,No_DR
No_DR_1519.jpg,No_DR
No_DR_1520.jpg,No_DR
No_DR_1521.jpg,No_DR
No_DR_1522.jpg,No_DR
No_DR_1523.jpg,No_DR
No_DR_1524.jpg,No_DR
No_DR_1525.jpg,No_DR
No_DR_1526.jpg,No_DR
No_DR_1527.jpg,No_DR
No_DR_1528.jpg,No_DR
No_DR_1529.jpg,No_DR
No_DR_1530.jpg,No_DR
No_DR_1531.jpg,No_DR
No_DR_1532.jpg,No_DR
No_DR_1533.jpg,No_DR
No_DR_1534.jpg,No_DR
No_DR_1535.jpg,No_DR
No_DR_1536.jpg,No_DR
No_DR_1537.jpg,No_DR
No_DR_1538.jpg,No_DR
No_DR_1539.jpg,No_DR
No_DR_1540.jpg,No_DR
No_DR_1541.jpg,No_DR
No_DR_1542.jpg,No_DR
No_DR_1543.jpg,No_DR
No_DR_1544.jpg,No_DR
No_DR_1545.jpg,No_DR
No_DR_1546.jpg,No_DR
No_DR_1547.jpg,No_DR
No_DR_1548.jpg,No_DR
No_DR_1549.jpg,No_DR
No_DR_1550.jpg,No_DR
No_DR_1551.jpg,No_DR
No_DR_1552.jpg,No_DR
No_DR_1553.jpg,No_DR
No_DR_1554.jpg,No_DR
No_DR_1555.jpg,No_DR
No_DR_1556.jpg,No_DR
No_DR_1557.jpg,No_DR
No_DR_1558.jpg,No_DR
No_DR_1559.jpg,No_DR
No_DR_1560.jpg,No_DR
No_DR_1561.jpg,No_DR
No_DR_1562.jpg,No_DR
No_DR_1563.jpg,No_DR
No_DR_1564.jpg,No_DR
No_DR_1565.jpg,No_DR
No_DR_1566.jpg,No_DR
No_DR_1567.jpg,No_DR
No_DR_1568.jpg,No_DR
No_DR_1569.jpg,No_DR
No_DR_1570.jpg,No_DR
No_DR_1571.jpg,No_DR
No_DR_1572.jpg,No_DR
No_DR_1573.jpg,No_DR
No_DR_1574.jpg,No_DR
No_DR_1575.jpg,No_DR
No_DR_1576.jpg,No_DR
No_DR_1577.jpg,No_DR
No_DR_1578.jpg,No_DR
No_DR_1579.jpg,No_DR
No_DR_1580.jpg,No_DR
No_DR_1581.jpg,No_DR
No_DR_1582.jpg,No_DR
No_DR_1583.jpg,No_DR
No_DR_1584.jpg,No_DR
No_DR_1585.jpg,No_DR
No_DR_1586.jpg,No_DR
No_DR_1587.jpg,No_DR
No_DR_1588.jpg,No_DR
No_DR_1589.jpg,No_DR
No_DR_1590.jpg,No_DR
No_DR_1591.jpg,No_DR
No_DR_1592.jpg,No_DR
No_DR_1593.jpg,No_DR
No_DR_1594.jpg,No_DR
No_DR_1595.jpg,No_DR
No_DR_1596.jpg,No_DR
No_DR_1597.jpg,No_DR
No_DR_1598.jpg,No_DR
No_DR_1599.jpg,No_DR
No_DR_1600.jpg,No_DR
No_DR_1601.jpg,No_DR
No_DR_1602.jpg,No_DR
No_DR_1603.jpg,No_DR
No_DR_1604.jpg,No_DR
No_DR_1605.jpg,No_DR
No_DR_1606.jpg,No_DR
No_DR_1607.jpg,No_DR
No_DR_1608.jpg,No_DR
No_DR_1609.jpg,No_DR
No_DR_1610.jpg,No_DR
No_DR_1611.jpg,No_DR
No_DR_1612.jpg,No_DR
No_DR_1613.jpg,No_DR
No_DR_1614.jpg,No_DR
No_DR_1615.jpg,No_DR
No_DR_1616.jpg,No_DR
No_DR_1617.jpg,No_DR
No_DR_1618.jpg,No_DR
No_DR_1619.jpg,No_DR
No_DR_1620.jpg,No_DR
No_DR_1621.jpg,No_DR
No_DR_1622.jpg,No_DR
No_DR_1623.jpg,No_DR
No_DR_1624.jpg,No_DR
No_DR_1625.jpg,No_DR
No_DR_1626.jpg,No_DR
No_DR_1627.jpg,No_DR
No_DR_1628.jpg,No_DR
No_DR_1629.jpg,No_DR
No_DR_1630.jpg,No_DR
No_DR_1631.jpg,No_DR
No_DR_1632.jpg,No_DR
No_DR_1633.jpg,No_DR
No_DR_1634.jpg,No_DR
No_DR_1635.jpg,No_DR
No_DR_1636.jpg,No_DR
No_DR_1637.jpg,No_DR
No_DR_1638.jpg,No_DR
No_DR_1639.jpg,No_DR
No_DR_1640.jpg,No_DR
No_DR_1641.jpg,No_DR
No_DR_1642.jpg,No_DR
No_DR_1643.jpg,No_DR
No_DR_1644.jpg,No_DR
No_DR_1645.jpg,No_DR
No_DR_1646.jpg,No_DR
No_DR_1647.jpg,No_DR
No_DR_1648.jpg,No_DR
No_DR_1649.jpg,No_DR
No_DR_1650.jpg,No_DR
No_DR_1651.jpg,No_DR
No_DR_1652.jpg,No_DR
No_DR_1653.jpg,No_DR
No_DR_1654.jpg,No_DR
No_DR_1655.jpg,No_DR
No_DR_1656.jpg,No_DR
No_DR_1657.jpg,No_DR
No_DR_1658.jpg,No_DR
No_DR_1659.jpg,No_DR
No_DR_1660.jpg,No_DR
No_DR_1661.jpg,No_DR
No_DR_1662.jpg,No_DR
No_DR_1663.jpg,No_DR
No_DR_1664.jpg,No_DR
No_DR_1665.jpg,No_DR
No_DR_1666.jpg,No_DR
No_DR_1667.jpg,No_DR
No_DR_1668.jpg,No_DR
No_DR_1669.jpg,No_DR
No_DR_1670.jpg,No_DR
No_DR_1671.jpg,No_DR
No_DR_1672.jpg,No_DR
No_DR_1673.jpg,No_DR
No_DR_1674.jpg,No_DR
No_DR_1675.jpg,No_DR
No_DR_1676.jpg,No_DR
No_DR_1677.jpg,No_DR
No_DR_1678.jpg,No_DR
No_DR_1679.jpg,No_DR
No_DR_1680.jpg,No_DR
No_DR_1681.jpg,No_DR
No_DR_1682.jpg,No_DR
No_DR_1683.jpg,No_DR
No_DR_1684.jpg,No_DR
No_DR_1685.jpg,No_DR
No_DR_1686.jpg,No_DR
No_DR_1687.jpg,No_DR
No_DR_1688.jpg,No_DR
No_DR_1689.jpg,No_DR
No_DR_1690.jpg,No_DR
No_DR_1691.jpg,No_DR
No_DR_1692.jpg,No_DR
No_DR_1693.jpg,No_DR
No_DR_1694.jpg,No_DR
No_DR_1695.jpg,No_DR
No_DR_1696.jpg,No_DR
No_DR_1697.jpg,No_DR
No_DR_1698.jpg,No_DR
No_DR_1699.jpg,No_DR
No_DR_1700.jpg,No_DR
No_DR_1701.jpg,No_DR
No_DR_1702.jpg,No_DR
No_DR_1703.jpg,No_DR
No_DR_1704.jpg,No_DR
No_DR_1705.jpg,No_DR
No_DR_1706.jpg,No_DR
No_DR_1707.jpg,No_DR
No_DR_1708.jpg,No_DR
No_DR_1709.jpg,No_DR
No_DR_1710.jpg,No_DR
No_DR_1711.jpg,No_DR
No_DR_1712.jpg,No_DR
No_DR_1713.jpg,No_DR
No_DR_1714.jpg,No_DR
No_DR_1715.jpg,No_DR
No_DR_1716.jpg,No_DR
No_DR_1717.jpg,No_DR
No_DR_1718.jpg,No_DR
No_DR_1719.jpg,No_DR
No_DR_1720.jpg,No_DR
No_DR_1721.jpg,No_DR
No_DR_1722.jpg,No_DR
No_DR_1723.jpg,No_DR
No_DR_1724.jpg,No_DR
No_DR_1725.jpg,No_DR
No_DR_1726.jpg,No_DR
No_DR_1727.jpg,No_DR
No_DR_1728.jpg,No_DR
No_DR_1729.jpg,No_DR
No_DR_1730.jpg,No_DR
No_DR_1731.jpg,No_DR
No_DR_1732.jpg,No_DR
No_DR_1733.jpg,No_DR
No_DR_1734.jpg,No_DR
No_DR_1735.jpg,No_DR
No_DR_1736.jpg,No_DR
No_DR_1737.jpg,No_DR
No_DR_1738.jpg,No_DR
No_DR_1739.jpg,No_DR
No_DR_1740.jpg,No_DR
No_DR_1741.jpg,No_DR
No_DR_1742.jpg,No_DR
No_DR_1743.jpg,No_DR
No_DR_1744.jpg,No_DR
No_DR_1745.jpg,No_DR
No_DR_1746.jpg,No_DR
No_DR_1747.jpg,No_DR
No_DR_1748.jpg,No_DR
No_DR_1749.jpg,No_DR
No_DR_1750.jpg,No_DR
No_DR_1751.jpg,No_DR
No_DR_1752.jpg,No_DR
No_DR_1753.jpg,No_DR
No_DR_1754.jpg,No_DR
No_DR_1755.jpg,No_DR
No_DR_1756.jpg,No_DR
No_DR_1757.jpg,No_DR
No_DR_1758.jpg,No_DR
No_DR_1759.jpg,No_DR
No_DR_1760.jpg,No_DR
No_DR_1761.jpg,No_DR
No_DR_1762.jpg,No_DR
No_DR_1763.jpg,No_DR
No_DR_1764.jpg,No_DR
No_DR_1765.jpg,No_DR
No_DR_1766.jpg,No_DR
No_DR_1767.jpg,No_DR
No_DR_1768.jpg,No_DR
No_DR_1769.jpg,No_DR
No_DR_1770.jpg,No_DR
No_DR_1771.jpg,No_DR
No_DR_1772.jpg,No_DR
No_DR_1773.jpg,No_DR
No_DR_1774.jpg,No_DR
No_DR_1775.jpg,No_DR
No_DR_1776.jpg,No_DR
No_DR_1777.jpg,No_DR
No_DR_1778.jpg,No_DR
No_DR_1779.jpg,No_DR
No_DR_1780.jpg,No_DR
No_DR_1781.jpg,No_DR
No_DR_1782.jpg,No_DR
No_DR_1783.jpg,No_DR
No_DR_1784.jpg,No_DR
No_DR_1785.jpg,No_DR
No_DR_1786.jpg,No_DR
No_DR_1787.jpg,No_DR
No_DR_1788.jpg,No_DR
No_DR_1789.jpg,No_DR
No_DR_1790.jpg,No_DR
No_DR_1791.jpg,No_DR
No_DR_1792.jpg,No_DR
No_DR_1793.jpg,No_DR
No_DR_1794.jpg,No_DR
No_DR_1795.jpg,No_DR
No_DR_1796.jpg,No_DR
No_DR_1797.jpg,No_DR
No_DR_1798.jpg,No_DR
No_DR_1799.jpg,No_DR
No_DR_1800.jpg,No_DR
No_DR_1801.jpg,No_DR
No_DR_1802.jpg,No_DR
No_DR_1803.jpg,No_DR
No_DR_1804.jpg,No_DR
Proliferate_DR_0.jpg,Proliferate_DR
Proliferate_DR_1.jpg,Proliferate_DR
Proliferate_DR_2.jpg,Proliferate_DR
Proliferate_DR_3.jpg,Proliferate_DR
Proliferate_DR_4.jpg,Proliferate_DR
Proliferate_DR_5.jpg,Proliferate_DR
Proliferate_DR_6.jpg,Proliferate_DR
Proliferate_DR_7.jpg,Proliferate_DR
Proliferate_DR_8.jpg,Proliferate_DR
Proliferate_DR_9.jpg,Proliferate_DR
Proliferate_DR_10.jpg,Proliferate_DR
Proliferate_DR_11.jpg,Proliferate_DR
Proliferate_DR_12.jpg,Proliferate_DR
Proliferate_DR_13.jpg,Proliferate_DR
Proliferate_DR_14.jpg,Proliferate_DR
Proliferate_DR_15.jpg,Proliferate_DR
Proliferate_DR_16.jpg,Proliferate_DR
Proliferate_DR_17.jpg,Proliferate_DR
Proliferate_DR_18.jpg,Proliferate_DR
Proliferate_DR_19.jpg,Proliferate_DR
Proliferate_DR_20.jpg,Proliferate_DR
Proliferate_DR_21.jpg,Proliferate_DR
Proliferate_DR_22.jpg,Proliferate_DR
Proliferate_DR_23.jpg,Proliferate_DR
Proliferate_DR_24.jpg,Proliferate_DR
Proliferate_DR_25.jpg,Proliferate_DR
Proliferate_DR_26.jpg,Proliferate_DR
Proliferate_DR_27.jpg,Proliferate_DR
Proliferate_DR_28.jpg,Proliferate_DR
Proliferate_DR_29.jpg,Proliferate_DR
Proliferate_DR_30.jpg,Proliferate_DR
Proliferate_DR_31.jpg,Proliferate_DR
Proliferate_DR_32.jpg,Proliferate_DR
Proliferate_DR_33.jpg,Proliferate_DR
Proliferate_DR_34.jpg,Proliferate_DR
Proliferate_DR_35.jpg,Proliferate_DR
Proliferate_DR_36.jpg,Proliferate_DR
Proliferate_DR_37.jpg,Proliferate_DR
Proliferate_DR_38.jpg,Proliferate_DR
Proliferate_DR_39.jpg,Proliferate_DR
Proliferate_DR_40.jpg,Proliferate_DR
Proliferate_DR_41.jpg,Proliferate_DR
Proliferate_DR_42.jpg,Proliferate_DR
Proliferate_DR_43.jpg,Proliferate_DR
Proliferate_DR_44.jpg,Proliferate_DR
Proliferate_DR_45.jpg,Proliferate_DR
Proliferate_DR_46.jpg,Proliferate_DR
Proliferate_DR_47.jpg,Proliferate_DR
Proliferate_DR_48.jpg,Proliferate_DR
Proliferate_DR_49.jpg,Proliferate_DR
Proliferate_DR_50.jpg,Proliferate_DR
Proliferate_DR_51.jpg,Proliferate_DR
Proliferate_DR_52.jpg,Proliferate_DR
Proliferate_DR_53.jpg,Proliferate_DR
Proliferate_DR_54.jpg,Proliferate_DR
Proliferate_DR_55.jpg,Proliferate_DR
Proliferate_DR_56.jpg,Proliferate_DR
Proliferate_DR_57.jpg,Proliferate_DR
Proliferate_DR_58.jpg,Proliferate_DR
Proliferate_DR_59.jpg,Proliferate_DR
Proliferate_DR_60.jpg,Proliferate_DR
Proliferate_DR_61.jpg,Proliferate_DR
Proliferate_DR_62.jpg,Proliferate_DR
Proliferate_DR_63.jpg,Proliferate_DR
Proliferate_DR_64.jpg,Proliferate_DR
Proliferate_DR_65.jpg,Proliferate_DR
Proliferate_DR_66.jpg,Proliferate_DR
Proliferate_DR_67.jpg,Proliferate_DR
Proliferate_DR_68.jpg,Proliferate_DR
Proliferate_DR_69.jpg,Proliferate_DR
Proliferate_DR_70.jpg,Proliferate_DR
Proliferate_DR_71.jpg,Proliferate_DR
Proliferate_DR_72.jpg,Proliferate_DR
Proliferate_DR_73.jpg,Proliferate_DR
Proliferate_DR_74.jpg,Proliferate_DR
Proliferate_DR_75.jpg,Proliferate_DR
Proliferate_DR_76.jpg,Proliferate_DR
Proliferate_DR_77.jpg,Proliferate_DR
Proliferate_DR_78.jpg,Proliferate_DR
Proliferate_DR_79.jpg,Proliferate_DR
Proliferate_DR_80.jpg,Proliferate_DR
Proliferate_DR_81.jpg,Proliferate_DR
Proliferate_DR_82.jpg,Proliferate_DR
Proliferate_DR_83.jpg,Proliferate_DR
Proliferate_DR_84.jpg,Proliferate_DR
Proliferate_DR_85.jpg,Proliferate_DR
Proliferate_DR_86.jpg,Proliferate_DR
Proliferate_DR_87.jpg,Proliferate_DR
Proliferate_DR_88.jpg,Proliferate_DR
Proliferate_DR_89.jpg,Proliferate_DR
Proliferate_DR_90.jpg,Proliferate_DR
Proliferate_DR_91.jpg,Proliferate_DR
Proliferate_DR_92.jpg,Proliferate_DR
Proliferate_DR_93.jpg,Proliferate_DR
Proliferate_DR_94.jpg,Proliferate_DR
Proliferate_DR_95.jpg,Proliferate_DR
Proliferate_DR_96.jpg,Proliferate_DR
Proliferate_DR_97.jpg,Proliferate_DR
Proliferate_DR_98.jpg,Proliferate_DR
Proliferate_DR_99.jpg,Proliferate_DR
Proliferate_DR_100.jpg,Proliferate_DR
Proliferate_DR_101.jpg,Proliferate_DR
Proliferate_DR_102.jpg,Proliferate_DR
Proliferate_DR_103.jpg,Proliferate_DR
Proliferate_DR_104.jpg,Proliferate_DR
Proliferate_DR_105.jpg,Proliferate_DR
Proliferate_DR_106.jpg,Proliferate_DR
Proliferate_DR_107.jpg,Proliferate_DR
Proliferate_DR_108.jpg,Proliferate_DR
Proliferate_DR_109.jpg,Proliferate_DR
Proliferate_DR_110.jpg,Proliferate_DR
Proliferate_DR_111.jpg,Proliferate_DR
Proliferate_DR_112.jpg,Proliferate_DR
Proliferate_DR_113.jpg,Proliferate_DR
Proliferate_DR_114.jpg,Proliferate_DR
Proliferate_DR_115.jpg,Proliferate_DR
Proliferate_DR_116.jpg,Proliferate_DR
Proliferate_DR_117.jpg,Proliferate_DR
Proliferate_DR_118.jpg,Proliferate_DR
Proliferate_DR_119.jpg,Proliferate_DR
Proliferate_DR_120.jpg,Proliferate_DR
Proliferate_DR_121.jpg,Proliferate_DR
Proliferate_DR_122.jpg,Proliferate_DR
Proliferate_DR_123.jpg,Proliferate_DR
Proliferate_DR_124.jpg,Proliferate_DR
Proliferate_DR_125.jpg,Proliferate_DR
Proliferate_DR_126.jpg,Proliferate_DR
Proliferate_DR_127.jpg,Proliferate_DR
Proliferate_DR_128.jpg,Proliferate_DR
Proliferate_DR_129.jpg,Proliferate_DR
Proliferate_DR_130.jpg,Proliferate_DR
Proliferate_DR_131.jpg,Proliferate_DR
Proliferate_DR_132.jpg,Proliferate_DR
Proliferate_DR_133.jpg,Proliferate_DR
Proliferate_DR_134.jpg,Proliferate_DR
Proliferate_DR_135.jpg,Proliferate_DR
Proliferate_DR_136.jpg,Proliferate_DR
Proliferate_DR_137.jpg,Proliferate_DR
Proliferate_DR_138.jpg,Proliferate_DR
Proliferate_DR_139.jpg,Proliferate_DR
Proliferate_DR_140.jpg,Proliferate_DR
Proliferate_DR_141.jpg,Proliferate_DR
Proliferate_DR_142.jpg,Proliferate_DR
Proliferate_DR_143.jpg,Proliferate_DR
Proliferate_DR_144.jpg,Proliferate_DR
Proliferate_DR_145.jpg,Proliferate_DR
Proliferate_DR_146.jpg,Proliferate_DR
Proliferate_DR_147.jpg,Proliferate_DR
Proliferate_DR_148.jpg,Proliferate_DR
Proliferate_DR_149.jpg,Proliferate_DR
Proliferate_DR_150.jpg,Proliferate_DR
Proliferate_DR_151.jpg,Proliferate_DR
Proliferate_DR_152.jpg,Proliferate_DR
Proliferate_DR_153.jpg,Proliferate_DR
Proliferate_DR_154.jpg,Proliferate_DR
Proliferate_DR_155.jpg,Proliferate_DR
Proliferate_DR_156.jpg,Proliferate_DR
Proliferate_DR_157.jpg,Proliferate_DR
Proliferate_DR_158.jpg,Proliferate_DR
Proliferate_DR_159.jpg,Proliferate_DR
Proliferate_DR_160.jpg,Proliferate_DR
Proliferate_DR_161.jpg,Proliferate_DR
Proliferate_DR_162.jpg,Proliferate_DR
Proliferate_DR_163.jpg,Proliferate_DR
Proliferate_DR_164.jpg,Proliferate_DR
Proliferate_DR_165.jpg,Proliferate_DR
Proliferate_DR_166.jpg,Proliferate_DR
Proliferate_DR_167.jpg,Proliferate_DR
Proliferate_DR_168.jpg,Proliferate_DR
Proliferate_DR_169.jpg,Proliferate_DR
Proliferate_DR_170.jpg,Proliferate_DR
Proliferate_DR_171.jpg,Proliferate_DR
Proliferate_DR_172.jpg,Proliferate_DR
Proliferate_DR_173.jpg,Proliferate_DR
Proliferate_DR_174.jpg,Proliferate_DR
Proliferate_DR_175.jpg,Proliferate_DR
Proliferate_DR_176.jpg,Proliferate_DR
Proliferate_DR_177.jpg,Proliferate_DR
Proliferate_DR_178.jpg,Proliferate_DR
Proliferate_DR_179.jpg,Proliferate_DR
Proliferate_DR_180.jpg,Proliferate_DR
Proliferate_DR_181.jpg,Proliferate_DR
Proliferate_DR_182.jpg,Proliferate_DR
Proliferate_DR_183.jpg,Proliferate_DR
Proliferate_DR_184.jpg,Proliferate_DR
Proliferate_DR_185.jpg,Proliferate_DR
Proliferate_DR_186.jpg,Proliferate_DR
Proliferate_DR_187.jpg,Proliferate_DR
Proliferate_DR_188.jpg,Proliferate_DR
Proliferate_DR_189.jpg,Proliferate_DR
Proliferate_DR_190.jpg,Proliferate_DR
Proliferate_DR_191.jpg,Proliferate_DR
Proliferate_DR_192.jpg,Proliferate_DR
Proliferate_DR_193.jpg,Proliferate_DR
Proliferate_DR_194.jpg,Proliferate_DR
Proliferate_DR_195.jpg,Proliferate_DR
Proliferate_DR_196.jpg,Proliferate_DR
Proliferate_DR_197.jpg,Proliferate_DR
Proliferate_DR_198.jpg,Proliferate_DR
Proliferate_DR_199.jpg,Proliferate_DR
Proliferate_DR_200.jpg,Proliferate_DR
Proliferate_DR_201.jpg,Proliferate_DR
Proliferate_DR_202.jpg,Proliferate_DR
Proliferate_DR_203.jpg,Proliferate_DR
Proliferate_DR_204.jpg,Proliferate_DR
Proliferate_DR_205.jpg,Proliferate_DR
Proliferate_DR_206.jpg,Proliferate_DR
Proliferate_DR_207.jpg,Proliferate_DR
Proliferate_DR_208.jpg,Proliferate_DR
Proliferate_DR_209.jpg,Proliferate_DR
Proliferate_DR_210.jpg,Proliferate_DR
Proliferate_DR_211.jpg,Proliferate_DR
Proliferate_DR_212.jpg,Proliferate_DR
Proliferate_DR_213.jpg,Proliferate_DR
Proliferate_DR_214.jpg,Proliferate_DR
Proliferate_DR_215.jpg,Proliferate_DR
Proliferate_DR_216.jpg,Proliferate_DR
Proliferate_DR_217.jpg,Proliferate_DR
Proliferate_DR_218.jpg,Proliferate_DR
Proliferate_DR_219.jpg,Proliferate_DR
Proliferate_DR_220.jpg,Proliferate_DR
Proliferate_DR_221.jpg,Proliferate_DR
Proliferate_DR_222.jpg,Proliferate_DR
Proliferate_DR_223.jpg,Proliferate_DR
Proliferate_DR_224.jpg,Proliferate_DR
Proliferate_DR_225.jpg,Proliferate_DR
Proliferate_DR_226.jpg,Proliferate_DR
Proliferate_DR_227.jpg,Proliferate_DR
Proliferate_DR_228.jpg,Proliferate_DR
Proliferate_DR_229.jpg,Proliferate_DR
Proliferate_DR_230.jpg,Proliferate_DR
Proliferate_DR_231.jpg,Proliferate_DR
Proliferate_DR_232.jpg,Proliferate_DR
Proliferate_DR_233.jpg,Proliferate_DR
Proliferate_DR_234.jpg,Proliferate_DR
Proliferate_DR_235.jpg,Proliferate_DR
Proliferate_DR_236.jpg,Proliferate_DR
Proliferate_DR_237.jpg,Proliferate_DR
Proliferate_DR_238.jpg,Proliferate_DR
Proliferate_DR_239.jpg,Proliferate_DR
Proliferate_DR_240.jpg,Proliferate_DR
Proliferate_DR_241.jpg,Proliferate_DR
Proliferate_DR_242.jpg,Proliferate_DR
Proliferate_DR_243.jpg,Proliferate_DR
Proliferate_DR_244.jpg,Proliferate_DR
Proliferate_DR_245.jpg,Proliferate_DR
Proliferate_DR_246.jpg,Proliferate_DR
Proliferate_DR_247.jpg,Proliferate_DR
Proliferate_DR_248.jpg,Proliferate_DR
Proliferate_DR_249.jpg,Proliferate_DR
Proliferate_DR_250.jpg,Proliferate_DR
Proliferate_DR_251.jpg,Proliferate_DR
Proliferate_DR_252.jpg,Proliferate_DR
Proliferate_DR_253.jpg,Proliferate_DR
Proliferate_DR_254.jpg,Proliferate_DR
Proliferate_DR_255.jpg,Proliferate_DR
Proliferate_DR_256.jpg,Proliferate_DR
Proliferate_DR_257.jpg,Proliferate_DR
Proliferate_DR_258.jpg,Proliferate_DR
Proliferate_DR_259.jpg,Proliferate_DR
Proliferate_DR_260.jpg,Proliferate_DR
Proliferate_DR_261.jpg,Proliferate_DR
Proliferate_DR_262.jpg,Proliferate_DR
Proliferate_DR_263.jpg,Proliferate_DR
Proliferate_DR_264.jpg,Proliferate_DR
Proliferate_DR_265.jpg,Proliferate_DR
Proliferate_DR_266.jpg,Proliferate_DR
Proliferate_DR_267.jpg,Proliferate_DR
Proliferate_DR_268.jpg,Proliferate_DR
Proliferate_DR_269.jpg,Proliferate_DR
Proliferate_DR_270.jpg,Proliferate_DR
Proliferate_DR_271.jpg,Proliferate_DR
Proliferate_DR_272.jpg,Proliferate_DR
Proliferate_DR_273.jpg,Proliferate_DR
Proliferate_DR_274.jpg,Proliferate_DR
Proliferate_DR_275.jpg,Proliferate_DR
Proliferate_DR_276.jpg,Proliferate_DR
Proliferate_DR_277.jpg,Proliferate_DR
Proliferate_DR_278.jpg,Proliferate_DR
Proliferate_DR_279.jpg,Proliferate_DR
Proliferate_DR_280.jpg,Proliferate_DR
Proliferate_DR_281.jpg,Proliferate_DR
Proliferate_DR_282.jpg,Proliferate_DR
Proliferate_DR_283.jpg,Proliferate_DR
Proliferate_DR_284.jpg,Proliferate_DR
Proliferate_DR_285.jpg,Proliferate_DR
Proliferate_DR_286.jpg,Proliferate_DR
Proliferate_DR_287.jpg,Proliferate_DR
Proliferate_DR_288.jpg,Proliferate_DR
Proliferate_DR_289.jpg,Proliferate_DR
Proliferate_DR_290.jpg,Proliferate_DR
Proliferate_DR_291.jpg,Proliferate_DR
Proliferate_DR_292.jpg,Proliferate_DR
Proliferate_DR_293.jpg,Proliferate_DR
Proliferate_DR_294.jpg,Proliferate_DR
Severe_0.jpg,Severe
Severe_1.jpg,Severe
Severe_2.jpg,Severe
Severe_3.jpg,Severe
Severe_4.jpg,Severe
Severe_5.jpg,Severe
Severe_6.jpg,Severe
Severe_7.jpg,Severe
Severe_8.jpg,Severe
Severe_9.jpg,Severe
Severe_10.jpg,Severe
Severe_11.jpg,Severe
Severe_12.jpg,Severe
Severe_13.jpg,Severe
Severe_14.jpg,Severe
Severe_15.jpg,Severe
Severe_16.jpg,Severe
Severe_17.jpg,Severe
Severe_18.jpg,Severe
Severe_19.jpg,Severe
Severe_20.jpg,Severe
Severe_21.jpg,Severe
Severe_22.jpg,Severe
Severe_23.jpg,Severe
Severe_24.jpg,Severe
Severe_25.jpg,Severe
Severe_26.jpg,Severe
Severe_27.jpg,Severe
Severe_28.jpg,Severe
Severe_29.jpg,Severe
Severe_30.jpg,Severe
Severe_31.jpg,Severe
Severe_32.jpg,Severe
Severe_33.jpg,Severe
Severe_34.jpg,Severe
Severe_35.jpg,Severe
Severe_36.jpg,Severe
Severe_37.jpg,Severe
Severe_38.jpg,Severe
Severe_39.jpg,Severe
Severe_40.jpg,Severe
Severe_41.jpg,Severe
Severe_42.jpg,Severe
Severe_43.jpg,Severe
Severe_44.jpg,Severe
Severe_45.jpg,Severe
Severe_46.jpg,Severe
Severe_47.jpg,Severe
Severe_48.jpg,Severe
Severe_49.jpg,Severe
Severe_50.jpg,Severe
Severe_51.jpg,Severe
Severe_52.jpg,Severe
Severe_53.jpg,Severe
Severe_54.jpg,Severe
Severe_55.jpg,Severe
Severe_56.jpg,Severe
Severe_57.jpg,Severe
Severe_58.jpg,Severe
Severe_59.jpg,Severe
Severe_60.jpg,Severe
Severe_61.jpg,Severe
Severe_62.jpg,Severe
Severe_63.jpg,Severe
Severe_64.jpg,Severe
Severe_65.jpg,Severe
Severe_66.jpg,Severe
Severe_67.jpg,Severe
Severe_68.jpg,Severe
Severe_69.jpg,Severe
Severe_70.jpg,Severe
Severe_71.jpg,Severe
Severe_72.jpg,Severe
Severe_73.jpg,Severe
Severe_74.jpg,Severe
Severe_75.jpg,Severe
Severe_76.jpg,Severe
Severe_77.jpg,Severe
Severe_78.jpg,Severe
Severe_79.jpg,Severe
Severe_80.jpg,Severe
Severe_81.jpg,Severe
Severe_82.jpg,Severe
Severe_83.jpg,Severe
Severe_84.jpg,Severe
Severe_85.jpg,Severe
Severe_86.jpg,Severe
Severe_87.jpg,Severe
Severe_88.jpg,Severe
Severe_89.jpg,Severe
Severe_90.jpg,Severe
Severe_91.jpg,Severe
Severe_92.jpg,Severe
Severe_93.jpg,Severe
Severe_94.jpg,Severe
Severe_95.jpg,Severe
Severe_96.jpg,Severe
Severe_97.jpg,Severe
Severe_98.jpg,Severe
Severe_99.jpg,Severe
Severe_100.jpg,Severe
Severe_101.jpg,Severe
Severe_102.jpg,Severe
Severe_103.jpg,Severe
Severe_104.jpg,Severe
Severe_105.jpg,Severe
Severe_106.jpg,Severe
Severe_107.jpg,Severe
Severe_108.jpg,Severe
Severe_109.jpg,Severe
Severe_110.jpg,Severe
Severe_111.jpg,Severe
Severe_112.jpg,Severe
Severe_113.jpg,Severe
Severe_114.jpg,Severe
Severe_115.jpg,Severe
Severe_116.jpg,Severe
Severe_117.jpg,Severe
Severe_118.jpg,Severe
Severe_119.jpg,Severe
Severe_120.jpg,Severe
Severe_121.jpg,Severe
Severe_122.jpg,Severe
Severe_123.jpg,Severe
Severe_124.jpg,Severe
Severe_125.jpg,Severe
Severe_126.jpg,Severe
Severe_127.jpg,Severe
Severe_128.jpg,Severe
Severe_129.jpg,Severe
Severe_130.jpg,Severe
Severe_131.jpg,Severe
Severe_132.jpg,Severe
Severe_133.jpg,Severe
Severe_134.jpg,Severe
Severe_135.jpg,Severe
Severe_136.jpg,Severe
Severe_137.jpg,Severe
Severe_138.jpg,Severe
Severe_139.jpg,Severe
Severe_140.jpg,Severe
Severe_141.jpg,Severe
Severe_142.jpg,Severe
Severe_143.jpg,Severe
Severe_144.jpg,Severe
Severe_145.jpg,Severe
Severe_146.jpg,Severe
Severe_147.jpg,Severe
Severe_148.jpg,Severe
Severe_149.jpg,Severe
Severe_150.jpg,Severe
Severe_151.jpg,Severe
Severe_152.jpg,Severe
Severe_153.jpg,Severe
Severe_154.jpg,Severe
Severe_155.jpg,Severe
Severe_156.jpg,Severe
Severe_157.jpg,Severe
Severe_158.jpg,Severe
Severe_159.jpg,Severe
Severe_160.jpg,Severe
Severe_161.jpg,Severe
Severe_162.jpg,Severe
Severe_163.jpg,Severe
Severe_164.jpg,Severe
Severe_165.jpg,Severe
Severe_166.jpg,Severe
Severe_167.jpg,Severe
Severe_168.jpg,Severe
Severe_169.jpg,Severe
Severe_170.jpg,Severe
Severe_171.jpg,Severe
Severe_172.jpg,Severe
Severe_173.jpg,Severe
Severe_174.jpg,Severe
Severe_175.jpg,Severe
Severe_176.jpg,Severe
Severe_177.jpg,Severe
Severe_178.jpg,Severe
Severe_179.jpg,Severe
Severe_180.jpg,Severe
Severe_181.jpg,Severe
Severe_182.jpg,Severe
Severe_183.jpg,Severe
Severe_184.jpg,Severe
Severe_185.jpg,Severe
Severe_186.jpg,Severe
Severe_187.jpg,Severe
Severe_188.jpg,Severe
Severe_189.jpg,Severe
Severe_190.jpg,Severe
Severe_191.jpg,Severe
Severe_192.jpg,Severe
